smiles,ac,amw,mol,is_463
O=C1NCCc2ccccc21,11,147.177001953125,O=C1NCCc2ccccc21,1
c1cnccn1,6,80.08999633789062,c1cnccn1,1
Cc1c[nH]cn1,6,82.10600280761719,Cc1c[nH]cn1,1
O=C1CCC1,5,70.09100341796875,O=C1CCC1,1
O=C1CSC(=O)N1,7,117.12899780273438,O=C1CSC(=O)N1,1
O=C=NCc1ccccc1,10,133.14999389648438,O=C=NCc1ccccc1,1
N#CC1CCCCC1,8,109.1719970703125,N#CC1CCCCC1,1
CC1=CCCCC1,7,96.1729965209961,CC1=CCCCC1,1
CCCNC,5,73.13899993896484,CCCNC,1
O=CC1CCC1,6,84.11799621582031,O=CC1CCC1,1
O=CC1CC1,5,70.09100341796875,O=CC1CC1,1
CC1CCCC1=O,7,98.1449966430664,CC1CCCC1=O,1
N#CCCN,5,70.09500122070312,N#CCCN,1
CC1COCCN1,7,101.14900207519531,CC1COCCN1,1
O=S1(=O)CCNCC1,8,135.18800354003906,O=S1(=O)CCNCC1,1
C[Si](C)(C)C#N,6,99.20899963378906,C[Si](C)(C)C#N,1
c1ccc2ncncc2c1,10,130.14999389648438,c1ccc2ncncc2c1,1
CC(=O)C1CC1,6,84.11799621582031,CC(=O)C1CC1,1
c1ccc2scnc2c1,9,135.1909942626953,c1ccc2scnc2c1,1
OC1CCCCCC1,8,114.18800354003906,OC1CCCCCC1,1
N#Cc1ccco1,7,93.08499908447266,N#Cc1ccco1,1
c1cncnc1,6,80.08999633789062,c1cncnc1,1
[C-]#[N+]Cc1ccccc1,9,117.1510009765625,[C-]#[N+]Cc1ccccc1,1
c1cn[nH]n1,5,69.06700134277344,c1cn[nH]n1,1
C1CC2OC2C1,6,84.11799621582031,C1CC2OC2C1,1
CB1OC(C)(C)C(C)(C)O1,10,142.0070037841797,CB1OC(C)(C)C(C)(C)O1,1
OCc1ccccc1,8,108.13999938964844,OCc1ccccc1,1
c1cnoc1,5,69.06300354003906,c1cnoc1,1
Nn1cccc1,6,82.10600280761719,Nn1cccc1,1
Cn1cncn1,6,83.09400177001953,Cn1cncn1,1
O=P(O)(O)c1ccccc1,10,158.09300231933594,O=P(O)(O)c1ccccc1,1
O=C1CCC(=O)C1,7,98.10099792480469,O=C1CCC(=O)C1,1
O=S1(=O)OCCO1,7,124.11699676513672,O=S1(=O)OCCO1,1
c1ccc2c(c1)CCO2,9,120.1510009765625,c1ccc2c(c1)CCO2,1
c1ccc(Cc2ccccc2)cc1,13,168.23899841308594,c1ccc(Cc2ccccc2)cc1,1
Cc1cccc(N=C=O)c1,10,133.14999389648438,Cc1cccc(N=C=O)c1,1
c1ccc(-c2ccncc2)cc1,12,155.1999969482422,c1ccc(-c2ccncc2)cc1,1
CC(C)Nc1ccccc1,10,135.2100067138672,CC(C)Nc1ccccc1,1
CC(C)SSC(C)C,8,150.31199645996094,CC(C)SSC(C)C,1
COS(C)(=O)=O,6,110.13400268554688,COS(C)(=O)=O,1
Cc1cncs1,6,99.15799713134766,Cc1cncs1,1
CC1=CC(=O)C(C)O1,8,112.12799835205078,CC1=CC(=O)C(C)O1,1
CC1=NCCC1,6,83.13400268554688,CC1=NCCC1,1
Cc1ccno1,6,83.08999633789062,Cc1ccno1,1
Cc1nc(CCl)no1,8,132.5500030517578,Cc1nc(CCl)no1,1
c1cscn1,5,85.13099670410156,c1cscn1,1
CCS(=O)CC,6,106.19000244140625,CCS(=O)CC,1
Cc1cocn1,6,83.08999633789062,Cc1cocn1,1
c1c[nH]nn1,5,69.06700134277344,c1c[nH]nn1,1
CCc1ccco1,7,96.12899780273438,CCc1ccco1,1
CCN1C(=O)C=CC1=O,9,125.12699890136719,CCN1C(=O)C=CC1=O,1
ON=C1CCCCC1,8,113.16000366210938,ON=C1CCCCC1,1
O=Cc1cnccn1,8,108.0999984741211,O=Cc1cnccn1,1
COC(N)=O,5,75.06700134277344,COC(N)=O,1
O=C(O)c1ccccc1O,10,138.1219940185547,O=C(O)c1ccccc1O,1
OB(O)c1cccc2ccccc12,13,171.99200439453125,OB(O)c1cccc2ccccc12,1
c1ccc(-c2ncc[nH]2)cc1,11,144.177001953125,c1ccc(-c2ncc[nH]2)cc1,1
Oc1cccc2ccccc12,11,144.17300415039062,Oc1cccc2ccccc12,1
On1nnc2ccccc21,10,135.12600708007812,On1nnc2ccccc21,1
Cc1cccc2cc[nH]c12,10,131.17799377441406,Cc1cccc2cc[nH]c12,1
CCOC(=O)OC,7,104.1050033569336,CCOC(=O)OC,1
CCCSC(C)=O,7,118.20099639892578,CCCSC(C)=O,1
Nc1ccc2scnc2c1,10,150.20599365234375,Nc1ccc2scnc2c1,1
c1ccnnc1,6,80.08999633789062,c1ccnnc1,1
c1cn[nH]c1,5,68.0790023803711,c1cn[nH]c1,1
Cc1cccs1,6,98.16999816894531,Cc1cccs1,1
c1ccc2nocc2c1,9,119.12300109863281,c1ccc2nocc2c1,1
Cn1c2ccccc2c2ccccc21,14,181.23800659179688,Cn1c2ccccc2c2ccccc21,1
Cc1c2ccccc2nc2ccccc12,15,193.24899291992188,Cc1c2ccccc2nc2ccccc12,1
c1cocn1,5,69.06300354003906,c1cocn1,1
Cc1cncnc1,7,94.11699676513672,Cc1cncnc1,1
Cc1ccc2ocnc2c1,10,133.14999389648438,Cc1ccc2ocnc2c1,1
N#CN1CCOCC1,8,112.13200378417969,N#CN1CCOCC1,1
c1ccc2c(c1)NCCS2,10,151.23399353027344,c1ccc2c(c1)NCCS2,1
O=C1NCCO1,6,87.0780029296875,O=C1NCCO1,1
Cn1cc(C=O)nn1,8,111.10399627685547,Cn1cc(C=O)nn1,1
Fc1cn[nH]c1,6,86.06900024414062,Fc1cn[nH]c1,1
CC1CNCCO1,7,101.14900207519531,CC1CNCCO1,1
COCC#N,5,71.0790023803711,COCC#N,1
O=C1CC2CC(=O)CC2C1,10,138.16600036621094,O=C1CC2CC(=O)CC2C1,1
O=C1C=CCO1,6,84.0739974975586,O=C1C=CCO1,1
CN1CCCc2ccc([N+](=O)[O-])cc21,14,192.21800231933594,CN1CCCc2ccc([N+](=O)[O-])cc21,1
ClCC1CC1,5,90.5530014038086,ClCC1CC1,1
C1CCCCCCCCCCC1,12,168.32400512695312,C1CCCCCCCCCCC1,1
c1cnc2[nH]ccc2c1,9,118.13899993896484,c1cnc2[nH]ccc2c1,1
C1CNCN1,5,72.11100006103516,C1CNCN1,1
Cc1cc(C)c[n+]([O-])c1,9,123.15499877929688,Cc1cc(C)c[n+]([O-])c1,1
c1ccc(Cn2ccnc2)cc1,12,158.20399475097656,c1ccc(Cn2ccnc2)cc1,1
COC1OCCO1,7,104.1050033569336,COC1OCCO1,1
c1cc(N2CCCCC2)ccn1,12,162.23599243164062,c1cc(N2CCCCC2)ccn1,1
CSC(=O)c1ccco1,9,142.1790008544922,CSC(=O)c1ccco1,1
Cc1ccc(C=O)o1,8,110.11199951171875,Cc1ccc(C=O)o1,1
CC(C)OB1OC(C)(C)C(C)(C)O1,13,186.05999755859375,CC(C)OB1OC(C)(C)C(C)(C)O1,1
CCCCN1CCCC1=O,10,141.21400451660156,CCCCN1CCCC1=O,1
CCOS(C)(=O)=O,7,124.16100311279297,CCOS(C)(=O)=O,1
O=c1occo1,6,86.0459976196289,O=c1occo1,1
CC(C)(C)OC(=O)n1ccc2ccccc21,16,217.26800537109375,CC(C)(C)OC(=O)n1ccc2ccccc21,1
Cc1ccc2c(c1)OCO2,10,136.14999389648438,Cc1ccc2c(c1)OCO2,1
O=C1OCC(F)O1,7,106.052001953125,O=C1OCC(F)O1,1
CC(=O)N(C)C,6,87.12200164794922,CC(=O)N(C)C,1
CN1C(=O)C=CC1=O,8,111.0999984741211,CN1C(=O)C=CC1=O,1
CCOC(=O)C#N,7,99.08899688720703,CCOC(=O)C#N,1
CC1=CC(=O)C=CC1=O,9,122.12300109863281,CC1=CC(=O)C=CC1=O,1
Cn1ccnc1,6,82.10600280761719,Cn1ccnc1,1
COC(=O)CC#N,7,99.08899688720703,COC(=O)CC#N,1
C#CC1CC1,5,66.10299682617188,C#CC1CC1,1
Fc1ccccn1,7,97.09200286865234,Fc1ccccn1,1
O=C1COC1,5,72.06300354003906,O=C1COC1,1
CB(O)O,4,59.861000061035156,CB(O)O,1
CC(C)=CC=O,6,84.11799621582031,CC(C)=CC=O,1
C=CCSS(=O)CC=C,9,162.2790069580078,C=CCSS(=O)CC=C,1
ClC[C@@H]1CO1,5,92.5250015258789,ClC[C@@H]1CO1,1
CN1CCCNCC1,8,114.19200134277344,CN1CCCNCC1,1
OC1CCCCO1,7,102.13300323486328,OC1CCCCO1,1
COC(OC)(OC)OC,9,136.14700317382812,COC(OC)(OC)OC,1
N#CCC1CC1,6,81.11799621582031,N#CCC1CC1,1
CC1=CC(C)(C)Nc2ccccc21,13,173.25900268554688,CC1=CC(C)(C)Nc2ccccc21,1
C1CNCCNC1,7,100.16500091552734,C1CNCCNC1,1
CSc1nccnn1,8,127.1719970703125,CSc1nccnn1,1
CCN=C=S,5,87.14700317382812,CCN=C=S,1
Cn1ccc2cccnc21,10,132.16600036621094,Cn1ccc2cccnc21,1
C1=CCOCC1,6,84.11799621582031,C1=CCOCC1,1
CC1=NCCO1,6,85.10600280761719,CC1=NCCO1,1
Cc1ccc(C(=O)OC(=O)c2ccc(C)cc2)cc1,19,254.28500366210938,Cc1ccc(C(=O)OC(=O)c2ccc(C)cc2)cc1,1
CC1=NNC(=O)CC1,8,112.13200378417969,CC1=NNC(=O)CC1,1
CCC(N)=O,5,73.09500122070312,CCC(N)=O,1
O=C(Cl)c1cccc2ccccc12,13,190.62899780273438,O=C(Cl)c1cccc2ccccc12,1
Cn1ccnn1,6,83.09400177001953,Cn1ccnn1,1
CCB1OC(C)(C)C(C)(C)O1,11,156.03399658203125,CCB1OC(C)(C)C(C)(C)O1,1
CC1=NCCS1,6,101.17400360107422,CC1=NCCS1,1
O=C1CSC1,5,88.13099670410156,O=C1CSC1,1
CC1(C)OB(C2=CCSCC2)OC1(C)C,15,226.14999389648438,CC1(C)OB(C2=CCSCC2)OC1(C)C,1
C1CC2CCC1C2,7,96.1729965209961,C1CC2CCC1C2,1
O=c1c2ccccc2ncn1-c1ccccc1,17,222.2469940185547,O=c1c2ccccc2ncn1-c1ccccc1,1
CCn1cncn1,7,97.12100219726562,CCn1cncn1,1
Cc1cc(C(=O)Cl)no1,9,145.5449981689453,Cc1cc(C(=O)Cl)no1,1
CSc1nc2ccccc2o1,11,165.2169952392578,CSc1nc2ccccc2o1,1
CCOC(=O)C1CC=C(B2OC(C)(C)C(C)(C)O2)CC1,20,280.1730041503906,CCOC(=O)C1CC=C(B2OC(C)(C)C(C)(C)O2)CC1,1
CCCCCCN=C=S,9,143.2550048828125,CCCCCCN=C=S,1
COc1cc(OC)nc(S(C)(=O)=O)n1,14,218.23399353027344,COc1cc(OC)nc(S(C)(=O)=O)n1,1
O=C(Oc1ccccc1)Oc1ccccc1,16,214.22000122070312,O=C(Oc1ccccc1)Oc1ccccc1,1
Cc1ccc(S(=O)(=O)N2CC=C(B3OC(C)(C)C(C)(C)O3)CC2)cc1,25,363.2879943847656,Cc1ccc(S(=O)(=O)N2CC=C(B3OC(C)(C)C(C)(C)O3)CC2)cc1,1
CSC1=NCCS1,7,133.24099731445312,CSC1=NCCS1,1
c1ccc(-c2cccs2)nc1,11,161.22900390625,c1ccc(-c2cccs2)nc1,1
FC(F)(F)c1ccccn1,10,147.0989990234375,FC(F)(F)c1ccccn1,1
CSc1ccc(Br)cn1,9,204.0919952392578,CSc1ccc(Br)cn1,1
O=S1(=O)CCOCC1,8,136.1719970703125,O=S1(=O)CCOCC1,1
COC(=O)Nc1ccccc1,11,151.1649932861328,COC(=O)Nc1ccccc1,1
C[Si](C)(CCl)c1ccccc1,11,184.74200439453125,C[Si](C)(CCl)c1ccccc1,1
CCn1ccnc1,7,96.13300323486328,CCn1ccnc1,1
ClCC1CN(Cc2ccccc2)CCO1,15,225.718994140625,ClCC1CN(Cc2ccccc2)CCO1,1
CC(C)(C)c1ccc2c(c1)Cc1cc(C(C)(C)C)ccc1-2,21,278.4389953613281,CC(C)(C)c1ccc2c(c1)Cc1cc(C(C)(C)C)ccc1-2,1
N#CC1CCCC1,7,95.1449966430664,N#CC1CCCC1,1
c1cnc2c(c1)CCCC2,10,133.19400024414062,c1cnc2c(c1)CCCC2,1
CC1CCOCO1,7,102.13300323486328,CC1CCOCO1,1
c1ccc2c(c1)CC2,8,104.1520004272461,c1ccc2c(c1)CC2,1
CC1COC(C)O1,7,102.13300323486328,CC1COC(C)O1,1
O=S1(=O)CCCCO1,8,136.1719970703125,O=S1(=O)CCCCO1,1
COB1OC(C)(C)C(C)(C)O1,11,158.00599670410156,COB1OC(C)(C)C(C)(C)O1,1
Clc1ccc2nsnc2c1,10,170.62399291992188,Clc1ccc2nsnc2c1,1
O=C1C=CCCCC1,8,110.15599822998047,O=C1C=CCCCC1,1
C1CN=C2CCCN2C1,9,124.18699645996094,C1CN=C2CCCN2C1,1
Cn1cccn1,6,82.10600280761719,Cn1cccn1,1
Cc1cnc2ccccc2c1,11,143.18899536132812,Cc1cnc2ccccc2c1,1
BrCC1OCCO1,7,167.0019989013672,BrCC1OCCO1,1
O=P(O)(OCc1ccccc1)OCc1ccccc1,19,278.2439880371094,O=P(O)(OCc1ccccc1)OCc1ccccc1,1
CSC(C)=O,5,90.14700317382812,CSC(C)=O,1
CC(C)=NO,5,73.09500122070312,CC(C)=NO,1
N#C/C=C/C#N,6,78.0739974975586,N#C/C=C/C#N,1
CC(C)(C)C(=O)O,7,102.13300323486328,CC(C)(C)C(=O)O,1
c1cnc2ccnn2c1,9,119.12699890136719,c1cnc2ccnn2c1,1
CN(C)C=S,5,89.16300201416016,CN(C)C=S,1
O=C1CCCCCCCCCCC1,13,182.3070068359375,O=C1CCCCCCCCCCC1,1
CN(C)C(=O)c1ccc(Cl)nc1,12,184.62600708007812,CN(C)C(=O)c1ccc(Cl)nc1,1
Cc1cccc2ncccc12,11,143.18899536132812,Cc1cccc2ncccc12,1
Fc1ccc2nsnc2c1,10,154.16900634765625,Fc1ccc2nsnc2c1,1
CCOC(=O)c1cnn2cccnc12,14,191.19000244140625,CCOC(=O)c1cnn2cccnc12,1
c1ccc2c(c1)-c1ccccc1C21C2CC3CC(C2)CC1C3,22,286.4179992675781,c1ccc2c(c1)-c1ccccc1C21C2CC3CC(C2)CC1C3,1
O=C(O)C1=CCCCO1,9,128.1269989013672,O=C(O)C1=CCCCO1,1
CC1(C)COP(=O)(Cl)OC1,10,184.5590057373047,CC1(C)COP(=O)(Cl)OC1,1
c1ccc(-c2nc3ccccc3o2)cc1,15,195.2209930419922,c1ccc(-c2nc3ccccc3o2)cc1,1
CC(C)(C)OC(=O)N1CC2(COC2)C1,14,199.25,CC(C)(C)OC(=O)N1CC2(COC2)C1,1
CC(C)(C)OC(=O)Oc1ccccc1,14,194.22999572753906,CC(C)(C)OC(=O)Oc1ccccc1,1
CC1=C(O)C(=O)CC(C)(C)C1,11,154.20899963378906,CC1=C(O)C(=O)CC(C)(C)C1,1
Cc1c2ccccc2cc2ccccc12,15,192.26100158691406,Cc1c2ccccc2cc2ccccc12,1
c1cnc2ncccc2c1,10,130.14999389648438,c1cnc2ncccc2c1,1
CC(C)(C)OC(=O)Nc1ccccn1,14,194.23399353027344,CC(C)(C)OC(=O)Nc1ccccn1,1
COC(=O)C1CN(Cc2ccccc2)CCO1,17,235.2830047607422,COC(=O)C1CN(Cc2ccccc2)CCO1,1
Cn1c(Cl)cc(=O)n(C)c1=O,11,174.58700561523438,Cn1c(Cl)cc(=O)n(C)c1=O,1
c1ccc(B2OCCCO2)cc1,12,161.9969940185547,c1ccc(B2OCCCO2)cc1,1
c1csc(SSc2cccs2)c1,12,230.4040069580078,c1csc(SSc2cccs2)c1,1
S=P(c1ccccc1)(c1ccccc1)c1ccccc1,20,294.3590087890625,S=P(c1ccccc1)(c1ccccc1)c1ccccc1,1
c1cnc2[nH]ncc2c1,9,119.12699890136719,c1cnc2[nH]ncc2c1,1
O=S1(=O)CCN(c2ccc(Cl)cc2)CC1,15,245.7310028076172,O=S1(=O)CCN(c2ccc(Cl)cc2)CC1,1
c1ccc(C2=NCCN2)cc1,11,146.1929931640625,c1ccc(C2=NCCN2)cc1,1
Fc1ccc(F)c(C2=NCCC2)c1,13,181.18499755859375,Fc1ccc(F)c(C2=NCCC2)c1,1
BrC1Cc2ccccc21,9,183.04800415039062,BrC1Cc2ccccc21,1
O=C(O)C1CC1,6,86.08999633789062,O=C(O)C1CC1,1
NC1CCCCCC1,8,113.2040023803711,NC1CCCCCC1,1
c1ccc2c(c1)CCCN2,10,133.19400024414062,c1ccc2c(c1)CCCN2,1
C1=CCOC1,5,70.09100341796875,C1=CCOC1,1
NC1CC1,4,57.09600067138672,NC1CC1,1
c1ccc2ocnc2c1,9,119.12300109863281,c1ccc2ocnc2c1,1
N#CC1CCOCC1,8,111.14399719238281,N#CC1CCOCC1,1
CC(C)(C)OC(=O)N1CCC2(CCCNC2=O)CC1,19,268.35699462890625,CC(C)(C)OC(=O)N1CCC2(CCCNC2=O)CC1,1
CS(N)(=O)=O,5,95.12300109863281,CS(N)(=O)=O,1
N#Cc1ccc(N)cc1,9,118.13899993896484,N#Cc1ccc(N)cc1,1
O=C1CCC(=O)N1,7,99.08899688720703,O=C1CCC(=O)N1,1
C[N+]1([O-])CCOCC1,8,117.14800262451172,C[N+]1([O-])CCOCC1,1
CC(N)=O,4,59.06800079345703,CC(N)=O,1
c1c[nH]cn1,5,68.0790023803711,c1c[nH]cn1,1
O=C1CCCCCN1,8,113.16000366210938,O=C1CCCCCN1,1
CN1CCNCC1,7,100.16500091552734,CN1CCNCC1,0
Cc1ccc2ncoc2c1,10,133.14999389648438,Cc1ccc2ncoc2c1,0
c1cc2[nH]ccc2cn1,9,118.13899993896484,c1cc2[nH]ccc2cn1,0
Cc1ccc(B(O)O)cc1,10,135.95899963378906,Cc1ccc(B(O)O)cc1,0
c1ccc2[nH]ncc2c1,9,118.13899993896484,c1ccc2[nH]ncc2c1,0
c1cnc2cc[nH]c2c1,9,118.13899993896484,c1cnc2cc[nH]c2c1,0
O=C1CCSCC1,7,116.18499755859375,O=C1CCSCC1,0
Oc1ccc(F)cc1,8,112.10299682617188,Oc1ccc(F)cc1,0
O=C1CCCC(=O)O1,8,114.0999984741211,O=C1CCCC(=O)O1,0
c1ccc2[nH]ccc2c1,9,117.1510009765625,c1ccc2[nH]ccc2c1,0
C1=Cc2ccccc2CC1,10,130.19000244140625,C1=Cc2ccccc2CC1,0
c1ccc2[nH]cnc2c1,9,118.13899993896484,c1ccc2[nH]cnc2c1,0
COC(=O)c1cc2sccc2[nH]1,12,181.21600341796875,COC(=O)c1cc2sccc2[nH]1,0
O=C1NC(=O)C2CCCC12,10,139.1540069580078,O=C1NC(=O)C2CCCC12,0
N#CCCS,5,87.14700317382812,N#CCCS,0
COS(=O)(=O)c1ccc(C)cc1,12,186.23199462890625,COS(=O)(=O)c1ccc(C)cc1,0
Cc1ccc(N=C=O)cc1,10,133.14999389648438,Cc1ccc(N=C=O)cc1,0
CCCS(=O)(=O)Cl,7,142.60699462890625,CCCS(=O)(=O)Cl,0
CN1CCCCCC1=O,9,127.18699645996094,CN1CCCCCC1=O,0
Cc1cc[nH]c1,6,81.11799621582031,Cc1cc[nH]c1,0
O=C1CC2(CN1)COC2,9,127.14299774169922,O=C1CC2(CN1)COC2,0
N#Cc1cccs1,7,109.15299987792969,N#Cc1cccs1,0
CC[SiH](CC)CC,7,116.27999877929688,CC[SiH](CC)CC,0
O=S1OCCCO1,7,122.1449966430664,O=S1OCCCO1,0
CB1OCCCO1,7,99.9260025024414,CB1OCCCO1,0
C[SiH](C)Cc1ccccc1,10,150.2969970703125,C[SiH](C)Cc1ccccc1,0
c1ccc2nccnc2c1,10,130.14999389648438,c1ccc2nccnc2c1,0
O=C1CCCCCCC1,9,126.1989974975586,O=C1CCCCCCC1,0
c1ccc2sccc2c1,9,134.2030029296875,c1ccc2sccc2c1,0
CC(C)(C)c1ccc(S)cc1,11,166.28900146484375,CC(C)(C)c1ccc(S)cc1,0
S=C=NCc1ccccc1,10,149.21800231933594,S=C=NCc1ccccc1,0
CCSSCC,6,122.25800323486328,CCSSCC,0
c1ccc2snnc2c1,9,136.1790008544922,c1ccc2snnc2c1,0
c1ccc2c(c1)CCN2,9,119.16699981689453,c1ccc2c(c1)CCN2,0
Cc1ccc2[nH]cnc2c1,10,132.16600036621094,Cc1ccc2[nH]cnc2c1,0
c1ccc2c(c1)OCO2,9,122.12300109863281,c1ccc2c(c1)OCO2,0
Cc1ccc(S(=O)(=O)NN)cc1,12,186.23599243164062,Cc1ccc(S(=O)(=O)NN)cc1,0
c1ncncn1,6,81.0780029296875,c1ncncn1,0
O=C1CCCC(=O)C1,8,112.12799835205078,O=C1CCCC(=O)C1,0
O=C1CCCC(=O)N1,8,113.11599731445312,O=C1CCCC(=O)N1,0
CN1CCCc2ccccc21,11,147.2209930419922,CN1CCCc2ccccc21,0
c1ccc(C2SCCS2)cc1,11,182.31300354003906,c1ccc(C2SCCS2)cc1,0
Brc1ccc2sccc2c1,10,213.0989990234375,Brc1ccc2sccc2c1,0
C[PH](C)=O,4,78.0510025024414,C[PH](C)=O,1
Cc1cccc2nccnc12,11,144.177001953125,Cc1cccc2nccnc12,0
COC(OC)(OC)c1ccccc1,13,182.218994140625,COC(OC)(OC)c1ccccc1,0
ClCc1nc2ccccc2s1,11,183.66299438476562,ClCc1nc2ccccc2s1,0
Cn1cnc2ccccc21,10,132.16600036621094,Cn1cnc2ccccc21,0
O=C=NS(=O)(=O)c1ccccc1,12,183.18800354003906,O=C=NS(=O)(=O)c1ccccc1,0
CC(=O)c1ccc(C)cc1,10,134.17799377441406,CC(=O)c1ccc(C)cc1,0
O=S(=O)(F)Cc1ccccc1,11,174.1959991455078,O=S(=O)(F)Cc1ccccc1,0
C(=Nc1ccccc1)Nc1ccccc1,15,196.2530059814453,C(=Nc1ccccc1)Nc1ccccc1,0
Cc1ccc(C(N)=O)cc1,10,135.16600036621094,Cc1ccc(C(N)=O)cc1,0
Cn1nnnc1S,7,116.14900207519531,Cn1nnnc1S,0
CSCCCl,5,110.60900115966797,CSCCCl,0
CCCC1CCOC(C)S1,10,160.28199768066406,CCCC1CCOC(C)S1,0
CC(=O)OCOC(C)=O,9,132.11500549316406,CC(=O)OCOC(C)=O,0
N#CC1=CCCCC1,8,107.15599822998047,N#CC1=CCCCC1,0
CCCS(=O)(=O)O,7,124.16100311279297,CCCS(=O)(=O)O,0
c1cnsc1,5,85.13099670410156,c1cnsc1,0
CC(=O)N1CCCC1=O,9,127.14299774169922,CC(=O)N1CCCC1=O,0
CN1CCOC1=O,7,101.1050033569336,CN1CCOC1=O,0
c1ccc(C2SCCCS2)cc1,12,196.33999633789062,c1ccc(C2SCCCS2)cc1,0
N#Cc1cocn1,7,94.072998046875,N#Cc1cocn1,0
Cc1cc2ccccc2s1,10,148.22999572753906,Cc1cc2ccccc2s1,0
O=[N+]([O-])n1cccn1,8,113.07599639892578,O=[N+]([O-])n1cccn1,0
O=c1ssc2ccccc12,10,168.24200439453125,O=c1ssc2ccccc12,0
CCC1=NCCN1,7,98.14900207519531,CCC1=NCCN1,0
O=c1ssc(Cl)c1Cl,8,187.07200622558594,O=c1ssc(Cl)c1Cl,0
O=S1(=O)OCCCO1,8,138.1439971923828,O=S1(=O)OCCCO1,0
O=C1Cc2ccccc2C1,10,132.16200256347656,O=C1Cc2ccccc2C1,0
Cc1ccccc1N=C=O,10,133.14999389648438,Cc1ccccc1N=C=O,0
O=C1CCCc2cccnc21,11,147.177001953125,O=C1CCCc2cccnc21,0
Fc1ccc(N=C=S)cc1,10,153.18099975585938,Fc1ccc(N=C=S)cc1,0
C=Cn1c2ccccc2c2ccccc21,15,193.24899291992188,C=Cn1c2ccccc2c2ccccc21,0
S=C=Nc1cccnc1,9,136.1790008544922,S=C=Nc1cccnc1,0
c1ccc2c(c1)oc1ccccc12,13,168.19500732421875,c1ccc2c(c1)oc1ccccc12,0
O=S1(=O)CCCO1,7,122.1449966430664,O=S1(=O)CCCO1,0
c1ccc2c(c1)Cc1ccccc1C2,14,180.25,c1ccc2c(c1)Cc1ccccc1C2,0
c1ccc2c(c1)Cc1ccccc1-2,13,166.22300720214844,c1ccc2c(c1)Cc1ccccc1-2,0
C1CSCSC1,6,120.24199676513672,C1CSCSC1,0
C[SiH2]c1ccccc1,8,122.24299621582031,C[SiH2]c1ccccc1,0
CCCCP(=CC#N)(CCCC)CCCC,16,241.35899353027344,CCCCP(=CC#N)(CCCC)CCCC,0
c1ccc(C2CC2)cc1,9,118.17900085449219,c1ccc(C2CC2)cc1,0
CN1C(=O)CCCC1=O,9,127.14299774169922,CN1C(=O)CCCC1=O,0
CC1=NN(c2ccccc2)C(=O)C1,13,174.2030029296875,CC1=NN(c2ccccc2)C(=O)C1,0
O=[N+]([O-])c1ccc2cccnc2c1,13,174.15899658203125,O=[N+]([O-])c1ccc2cccnc2c1,0
C1=NCCc2ccccc21,10,131.17799377441406,C1=NCCc2ccccc21,0
CC(C)(C)OC(=O)N1CCC2(CC(=O)C2)C1,16,225.28799438476562,CC(C)(C)OC(=O)N1CCC2(CC(=O)C2)C1,0
C1CC2OC2CC1C1CO1,10,140.1820068359375,C1CC2OC2CC1C1CO1,0
Clc1nsc2ccccc12,10,169.63600158691406,Clc1nsc2ccccc12,0
c1ccc2nsnc2c1,9,136.1790008544922,c1ccc2nsnc2c1,0
O=C1N[C@@H](Cc2ccccc2)CO1,13,177.2030029296875,O=C1N[C@@H](Cc2ccccc2)CO1,0
O=S(=O)(c1ccccc1)n1cccc1,14,207.25399780273438,O=S(=O)(c1ccccc1)n1cccc1,0
C[Si](C)(C)CC#N,7,113.23600006103516,C[Si](C)(C)CC#N,0
O=S1(=O)CCCC1,7,120.1729965209961,O=S1(=O)CCCC1,0
C=CCSSCC=C,8,146.27999877929688,C=CCSSCC=C,0
CC(=O)/C=C/c1cccs1,10,152.21800231933594,CC(=O)/C=C/c1cccs1,0
CC(C)(C)OC(=O)n1cc(C=O)cn1,14,196.20599365234375,CC(C)(C)OC(=O)n1cc(C=O)cn1,0
COC(=O)c1ccc(CCl)o1,11,174.58299255371094,COC(=O)c1ccc(CCl)o1,0
C1=Cc2cccc3cccc1c23,12,152.1959991455078,C1=Cc2cccc3cccc1c23,0
CS(C)=O,4,78.13600158691406,CS(C)=O,0
Cc1cc[n+]([O-])cc1,8,109.12799835205078,Cc1cc[n+]([O-])cc1,0
Cc1ccc(S)cc1,8,124.20800018310547,Cc1ccc(S)cc1,0
CC(C)(C)OC(=O)N1CC2(CC(=O)C2)C1,15,211.26100158691406,CC(C)(C)OC(=O)N1CC2(CC(=O)C2)C1,0
c1ccc2c(c1)CCNC2,10,133.19400024414062,c1ccc2c(c1)CCNC2,0
c1ccc2cnccc2c1,10,129.16200256347656,c1ccc2cnccc2c1,0
C1CNC1,4,57.09600067138672,C1CNC1,0
CC1COC(=O)O1,7,102.08899688720703,CC1COC(=O)O1,0
CC(=O)N1CCCNCC1,10,142.20199584960938,CC(=O)N1CCCNCC1,0
C=Cc1cccnc1,8,105.13999938964844,C=Cc1cccnc1,0
O=NN1CCOCC1,8,116.12000274658203,O=NN1CCOCC1,0
FC(F)(F)C1CO1,7,112.05000305175781,FC(F)(F)C1CO1,0
c1ccn2nccc2c1,9,118.13899993896484,c1ccn2nccc2c1,0
C1CSCCN1,6,103.19000244140625,C1CSCCN1,0
CCCCn1sc2ccccc2c1=O,14,207.29800415039062,CCCCn1sc2ccccc2c1=O,0
CC1=C(C2=C(C)C=CCS2)SCC=C1,14,222.3780059814453,CC1=C(C2=C(C)C=CCS2)SCC=C1,0
O=Cc1ccc(Cl)o1,8,130.52999877929688,O=Cc1ccc(Cl)o1,0
COC(=O)c1ccc2ocnc2c1,13,177.15899658203125,COC(=O)c1ccc2ocnc2c1,0
O=C1CCC(=O)O1,7,100.072998046875,O=C1CCC(=O)O1,0
Cn1ccnc1Cl,7,116.5510025024414,Cn1ccnc1Cl,0
O=S1(=O)C=Cc2ccccc21,11,166.2010040283203,O=S1(=O)C=Cc2ccccc21,0
O=C1CCCCCCCCCCCCCC1,16,224.38800048828125,O=C1CCCCCCCCCCCCCC1,0
Cc1cc2ccccc2o1,10,132.16200256347656,Cc1cc2ccccc2o1,0
O=C1OCc2ccccc21,10,134.13400268554688,O=C1OCc2ccccc21,0
CC1=CCC(=O)O1,7,98.10099792480469,CC1=CCC(=O)O1,0
Cn1c(=O)ccc2ccccc21,12,159.18800354003906,Cn1c(=O)ccc2ccccc21,0
OC1CCCCCCCCCCC1,13,184.322998046875,OC1CCCCCCCCCCC1,0
CCS(C)(=O)=O,6,108.16200256347656,CCS(C)(=O)=O,0
COC(=N)c1ccccn1,10,136.1540069580078,COC(=N)c1ccccn1,0
CCOC(=O)c1cccnc1,11,151.1649932861328,CCOC(=O)c1cccnc1,0
COc1nccs1,7,115.15699768066406,COc1nccs1,0
CC1(C)CC(=O)c2ccccc21,12,160.21600341796875,CC1(C)CC(=O)c2ccccc21,0
C[Si](C)(C)N1CCOC1=O,10,159.26100158691406,C[Si](C)(C)N1CCOC1=O,0
c1ccc(-c2nc3ccccc3o2)nc1,15,196.20899963378906,c1ccc(-c2nc3ccccc3o2)nc1,0
CS(C)(=O)=O,5,94.13500213623047,CS(C)(=O)=O,1
SCc1ccc(CS)cc1,10,170.302001953125,SCc1ccc(CS)cc1,0
O=C(Cl)c1cccc(C(=O)Cl)n1,12,204.01199340820312,O=C(Cl)c1cccc(C(=O)Cl)n1,0
Clc1cccc2nccnc12,11,164.59500122070312,Clc1cccc2nccnc12,0
Cc1ccccc1-n1cccn1,12,158.20399475097656,Cc1ccccc1-n1cccn1,0
N#C[Se]c1ccccc1,9,182.08399963378906,N#C[Se]c1ccccc1,0
c1cnc(-n2ccc3ccccc32)nc1,15,195.22500610351562,c1cnc(-n2ccc3ccccc32)nc1,0
CCCCCCn1c2ccsc2c2sccc21,17,263.4309997558594,CCCCCCn1c2ccsc2c2sccc21,0
C1=COc2ccccc2N1,10,133.14999389648438,C1=COc2ccccc2N1,0
Clc1cncc(-n2cccn2)n1,12,180.59800720214844,Clc1cncc(-n2cccn2)n1,0
CC(C)(C)c1ccc(N=C=S)cc1,13,191.2989959716797,CC(C)(C)c1ccc(N=C=S)cc1,0
CC1(C)COB(c2cccs2)OC1,13,196.0800018310547,CC1(C)COB(c2cccs2)OC1,0
CCc1cnccn1,8,108.14399719238281,CCc1cnccn1,0
O=c1cc(Cl)c2ccccc2o1,12,180.58999633789062,O=c1cc(Cl)c2ccccc2o1,0
O=C(Cl)N(c1ccccc1)c1ccccc1,16,231.6820068359375,O=C(Cl)N(c1ccccc1)c1ccccc1,0
C=CC1OCC2(CO1)COC(C=C)OC2,15,212.2449951171875,C=CC1OCC2(CO1)COC(C=C)OC2,0
CSCc1ccccc1,9,138.23500061035156,CSCc1ccccc1,0
O=C(Oc1ccccn1)Oc1ccccn1,16,216.1959991455078,O=C(Oc1ccccn1)Oc1ccccn1,0
O=Cc1csc2ccccc12,11,162.21299743652344,O=Cc1csc2ccccc12,0
CCOC(=O)C(NC(=O)OC(C)(C)C)C(=O)OCC,19,275.3009948730469,CCOC(=O)C(NC(=O)OC(C)(C)C)C(=O)OCC,0
FC(F)(F)c1cccc(CN=C=S)c1,14,217.21499633789062,FC(F)(F)c1cccc(CN=C=S)c1,0
C1=CCN(Cc2ccccc2)CC1,13,173.25900268554688,C1=CCN(Cc2ccccc2)CC1,0
CCOC(=O)/C=C(\C)N1CCCC1,13,183.25100708007812,CCOC(=O)/C=C(\C)N1CCCC1,1
CC(C)(C)OC(=O)n1cccn1,12,168.1959991455078,CC(C)(C)OC(=O)n1cccn1,0
CC1CCC2CC1C2(C)C,10,138.25399780273438,CC1CCC2CC1C2(C)C,0
c1cc2c(cn1)CCCC2,10,133.19400024414062,c1cc2c(cn1)CCCC2,0
c1ccc(C2=NCCO2)cc1,11,147.177001953125,c1ccc(C2=NCCO2)cc1,0
CS(=O)c1ccccc1,9,140.20700073242188,CS(=O)c1ccccc1,0
O=c1cccco1,7,96.08499908447266,O=c1cccco1,0
N#COc1ccccc1,9,119.12300109863281,N#COc1ccccc1,0
c1ccncc1,6,79.10199737548828,c1ccncc1,0
CC1SCCS1,6,120.24199676513672,CC1SCCS1,0
C[Si]1(C)CC[Si](C)(C)O1,9,160.36500549316406,C[Si]1(C)CC[Si](C)(C)O1,0
Fc1cccc2ccccc12,11,146.16400146484375,Fc1cccc2ccccc12,0
Cc1ccc(N=C=S)c(C)c1,11,163.2449951171875,Cc1ccc(N=C=S)c(C)c1,0
CC(=O)N1CCCCCC1=O,11,155.19700622558594,CC(=O)N1CCCCCC1=O,1
CC(C)C1OC(C(C)C)OC(C(C)C)O1,15,216.3209991455078,CC(C)C1OC(C(C)C)OC(C(C)C)O1,0
O=P1(N(CCCl)CCCl)NCCCO1,14,261.0889892578125,O=P1(N(CCCl)CCCl)NCCCO1,0
CN1c2ccccc2Sc2ccccc21,15,213.30499267578125,CN1c2ccccc2Sc2ccccc21,0
O=C1C=CC(=O)C(Cl)=C1,9,142.54100036621094,O=C1C=CC(=O)C(Cl)=C1,0
COC(=O)/C=C/c1ccncc1,12,163.17599487304688,COC(=O)/C=C/c1ccncc1,0
O=C1CC(COCc2ccccc2)C1,14,190.24200439453125,O=C1CC(COCc2ccccc2)C1,0
CCOC(=O)c1ccncn1,11,152.1529998779297,CCOC(=O)c1ccncn1,0
Cc1cn(C)c(=O)n(C)c1=O,11,154.16900634765625,Cc1cn(C)c(=O)n(C)c1=O,0
CC1CCCN1,6,85.1500015258789,CC1CCCN1,0
c1ccn2nnnc2c1,9,120.11499786376953,c1ccn2nnnc2c1,0
CC(C)(C)OC(=O)N1OC2C=CC1C2,14,197.23399353027344,CC(C)(C)OC(=O)N1OC2C=CC1C2,0
CC1=CC=CC(C)(C)CC1=O,11,150.2209930419922,CC1=CC=CC(C)(C)CC1=O,0
Clc1ccc2scnc2c1,10,169.63600158691406,Clc1ccc2scnc2c1,0
c1ccc(-c2ccncn2)cc1,12,156.18800354003906,c1ccc(-c2ccncn2)cc1,0
CN1c2ccccc2C(C)(C)C12C=Nc1c(ccc3ccccc13)O2,25,328.4150085449219,CN1c2ccccc2C(C)(C)C12C=Nc1c(ccc3ccccc13)O2,0
c1ccc(Cn2cccc2)cc1,12,157.21600341796875,c1ccc(Cn2cccc2)cc1,0
CC(=O)c1cnn(C)c1,9,124.14299774169922,CC(=O)c1cnn(C)c1,0
CCCCCCCCCCCCS(C)=O,15,232.43299865722656,CCCCCCCCCCCCS(C)=O,0
O=C(Cc1ccccc1)SSC(=O)Cc1ccccc1,20,302.4200134277344,O=C(Cc1ccccc1)SSC(=O)Cc1ccccc1,0
O=S(=O)(Cl)N1CCCCC1,10,183.66000366210938,O=S(=O)(Cl)N1CCCCC1,0
C[Si](C)(C)CCOCN1C(=O)Cc2cccnc21,18,264.4010009765625,C[Si](C)(C)CCOCN1C(=O)Cc2cccnc21,0
ClC12CC3CC(CC(C3)C1)C2,11,170.68299865722656,ClC12CC3CC(CC(C3)C1)C2,0
c1cncc(C2=NCCC2)c1,11,146.1929931640625,c1cncc(C2=NCCC2)c1,0
O=Cc1cc2ccccc2o1,11,146.14500427246094,O=Cc1cc2ccccc2o1,0
O=C(Cl)c1ccc2ccccc2c1,13,190.62899780273438,O=C(Cl)c1ccc2ccccc2c1,0
COC1=NC(C(C)C)C(OC)=NC1,13,184.23899841308594,COC1=NC(C(C)C)C(OC)=NC1,0
CCOC(=O)[C@@H]1CC=CN1C(=O)OC(C)(C)C,17,241.28700256347656,CCOC(=O)[C@@H]1CC=CN1C(=O)OC(C)(C)C,0
CC1OC(=O)C(C)OC1=O,10,144.12600708007812,CC1OC(=O)C(C)OC1=O,0
c1scc2c1SCCS2,9,174.31500244140625,c1scc2c1SCCS2,0
CC1(C)SC(C)(C)SC(C)(C)S1,12,222.44400024414062,CC1(C)SC(C)(C)SC(C)(C)S1,0
CC1(C)CC(Cl)=NO1,8,133.5780029296875,CC1(C)CC(Cl)=NO1,0
O=c1cccccc1,8,106.1240005493164,O=c1cccccc1,0
FC(F)(F)C1(c2ccccc2)N=N1,13,186.13600158691406,FC(F)(F)C1(c2ccccc2)N=N1,0
Cc1noc2ccccc12,10,133.14999389648438,Cc1noc2ccccc12,0
N#CC1=Cc2cc(Cl)ccc2OC1,13,191.61700439453125,N#CC1=Cc2cc(Cl)ccc2OC1,0
O=Cc1ncco1,7,97.072998046875,O=Cc1ncco1,0
O=S1(=O)OC[C@@H]2CCCN21,10,163.197998046875,O=S1(=O)OC[C@@H]2CCCN21,0
Clc1ccc2snnc2c1,10,170.62399291992188,Clc1ccc2snnc2c1,0
O=C1CCC2(CCC2)N1,9,125.1709976196289,O=C1CCC2(CCC2)N1,0
O=C1C=CN(C(=O)OCc2ccccc2)CC1,17,231.25100708007812,O=C1C=CN(C(=O)OCc2ccccc2)CC1,0
CN1COc2ccccc2C1,11,149.1929931640625,CN1COc2ccccc2C1,0
O=c1oc2ccccc2c2ccccc12,15,196.2050018310547,O=c1oc2ccccc2c2ccccc12,0
CC(C)(C)OC(=O)N1CC2(C1)CS(=O)(=O)C2,16,247.3159942626953,CC(C)(C)OC(=O)N1CC2(C1)CS(=O)(=O)C2,0
Clc1cc2nccnc2cn1,11,165.58299255371094,Clc1cc2nccnc2cn1,0
CC(=S)OCc1ccco1,10,156.20599365234375,CC(=S)OCc1ccco1,0
O=S(=O)(c1cc(F)cc(F)c1)C12CCC1C2,16,244.26199340820312,O=S(=O)(c1cc(F)cc(F)c1)C12CCC1C2,0
c1ccc(-c2oc(-c3ccccc3)c3ccccc23)cc1,21,270.33099365234375,c1ccc(-c2oc(-c3ccccc3)c3ccccc23)cc1,0
O=C1c2cccnc2C(=O)N1Cc1ccccc1,18,238.24600219726562,O=C1c2cccnc2C(=O)N1Cc1ccccc1,0
S=C1CCCCCN1,8,129.22799682617188,S=C1CCCCCN1,0
CC(=O)CC#N,6,83.08999633789062,CC(=O)CC#N,1
COC(=O)C(C(=O)OC)c1ncccn1,15,210.18899536132812,COC(=O)C(C(=O)OC)c1ncccn1,0
CN1CCCNS1(=O)=O,9,150.2030029296875,CN1CCCNS1(=O)=O,0
O=S(=O)(Cl)N1CCCC1,9,169.63299560546875,O=S(=O)(Cl)N1CCCC1,0
Cc1ccc2c(c1)C(=O)OC2=O,12,162.1439971923828,Cc1ccc2c(c1)C(=O)OC2=O,0
O=C1CC(c2ccccc2)N1,11,147.177001953125,O=C1CC(c2ccccc2)N1,0
CC(=O)Cc1ccccn1,10,135.16600036621094,CC(=O)Cc1ccccn1,0
Cc1nnc(CCl)o1,8,132.5500030517578,Cc1nnc(CCl)o1,0
CC(=O)c1ccc2c(c1)CCC2,12,160.21600341796875,CC(=O)c1ccc2c(c1)CCC2,0
c1ccc2cnncc2c1,10,130.14999389648438,c1ccc2cnncc2c1,0
Cn1nc2ccccc2n1,10,133.1540069580078,Cn1nc2ccccc2n1,0
O=C(Cl)N1CCOCC1,9,149.57699584960938,O=C(Cl)N1CCOCC1,0
CCO[Si](CCCN1C=NCC1)(OCC)OCC,18,274.43701171875,CCO[Si](CCCN1C=NCC1)(OCC)OCC,0
Cc1ccc(COC(=O)C(=O)OCc2ccc(C)cc2)cc1,22,298.3380126953125,Cc1ccc(COC(=O)C(=O)OCc2ccc(C)cc2)cc1,0
O=C1CCc2c(Cl)cccc21,11,166.60699462890625,O=C1CCc2c(Cl)cccc21,0
O=NN1CCCC1,7,100.12100219726562,O=NN1CCCC1,1
COC(=O)c1coc(Cl)n1,10,161.54400634765625,COC(=O)c1coc(Cl)n1,0
O=S(=O)(F)c1ccccn1,10,161.15699768066406,O=S(=O)(F)c1ccccn1,0
COS(=O)c1ccccc1,10,156.20599365234375,COS(=O)c1ccccc1,0
BrC1COC1,5,136.9759979248047,BrC1COC1,0
ClC1CCOCC1,7,120.5790023803711,ClC1CCOCC1,0
Cc1ccc2cccnc2n1,11,144.177001953125,Cc1ccc2cccnc2n1,0
O=S(=O)(OC1=CCCCCC1)C(F)(F)F,15,244.23399353027344,O=S(=O)(OC1=CCCCCC1)C(F)(F)F,0
COP(=O)(CC(C)=O)OC,10,166.11300659179688,COP(=O)(CC(C)=O)OC,0
c1ccc(-n2nccn2)cc1,11,145.1649932861328,c1ccc(-n2nccn2)cc1,0
CC1=Nc2ccc(Cl)cc2C1(C)C,13,193.677001953125,CC1=Nc2ccc(Cl)cc2C1(C)C,0
CCn1ccnn1,7,97.12100219726562,CCn1ccnn1,0
COc1cccc(CSC#N)c1,12,179.24400329589844,COc1cccc(CSC#N)c1,0
COC(=O)C1CC2(CC(=O)C2)C1,12,168.19200134277344,COC(=O)C1CC2(CC(=O)C2)C1,0
C[C@H]1CCCNC1,7,99.177001953125,C[C@H]1CCCNC1,0
Clc1noc2ccccc12,10,153.5679931640625,Clc1noc2ccccc12,0
Fc1ccc2cccnc2c1F,12,165.14199829101562,Fc1ccc2cccnc2c1F,0
CCOC(=O)C1COC(C)(C)OC1,13,188.22300720214844,CCOC(=O)C1COC(C)(C)OC1,0
c1ccc(C2=NCCc3ccccc32)cc1,16,207.2760009765625,c1ccc(C2=NCCc3ccccc32)cc1,0
O=C1CCc2cccc(Br)c21,11,211.05799865722656,O=C1CCc2cccc(Br)c21,0
CC(C)(C)OC(=O)N1CC=CC1=O,13,183.20700073242188,CC(C)(C)OC(=O)N1CC=CC1=O,0
CC(C)(C)OC(=O)N1C2CCCC1CC(=O)C2,17,239.31500244140625,CC(C)(C)OC(=O)N1C2CCCC1CC(=O)C2,0
O=C1CC(Br)c2ccccc21,11,211.05799865722656,O=C1CC(Br)c2ccccc21,0
c1ccc(SSc2ccccn2)nc1,14,220.32200622558594,c1ccc(SSc2ccccn2)nc1,0
CC(C)=CBr,5,135.00399780273438,CC(C)=CBr,0
[O-][n+]1ccncc1,7,96.08899688720703,[O-][n+]1ccncc1,0
Cn1c(=S)oc2ccccc21,11,165.2169952392578,Cn1c(=S)oc2ccccc21,0
O=C1CCCN(Cc2ccccc2)CC1,15,203.28500366210938,O=C1CCCN(Cc2ccccc2)CC1,0
O=C1CCN(Cc2ccncc2)CC1,14,190.24600219726562,O=C1CCN(Cc2ccncc2)CC1,0
CCc1cccc2cccnc12,12,157.21600341796875,CCc1cccc2cccnc12,0
O=C(c1ccc(Br)cn1)N1CCCCC1,15,269.1419982910156,O=C(c1ccc(Br)cn1)N1CCCCC1,0
CN1CC(=O)N(C)C1=S,9,144.19900512695312,CN1CC(=O)N(C)C1=S,0
O=P(N1CCCC1)(N1CCCC1)N1CCCC1,17,257.3179931640625,O=P(N1CCCC1)(N1CCCC1)N1CCCC1,0
C1CC2(C1)CNC2,7,97.16100311279297,C1CC2(C1)CNC2,0
CCCn1cc(C=O)cn1,10,138.1699981689453,CCCn1cc(C=O)cn1,0
O=C(O)C1=COCCC1,9,128.1269989013672,O=C(O)C1=COCCC1,1
C1CCCNCCC1,8,113.2040023803711,C1CCCNCCC1,0
C1CCCOCC1,7,100.16100311279297,C1CCCOCC1,0
CCOC(OCC)c1ccco1,12,170.20799255371094,CCOC(OCC)c1ccco1,0
O=c1c(Cl)c(Cl)cnn1Cc1ccccc1,16,255.10400390625,O=c1c(Cl)c(Cl)cnn1Cc1ccccc1,0
c1ccc(Cn2ccc3cccnc32)cc1,16,208.26400756835938,c1ccc(Cn2ccc3cccnc32)cc1,0
Clc1ccc2c(c1)CC=C2,10,150.60800170898438,Clc1ccc2c(c1)CC=C2,0
CCP(CC)c1ccccc1,11,166.20399475097656,CCP(CC)c1ccccc1,0
O=CN1CCc2ccccc21,11,147.177001953125,O=CN1CCc2ccccc21,0
Brc1cnc(N2CCC2)nc1,11,214.0659942626953,Brc1cnc(N2CCC2)nc1,0
Cc1ccc(-c2nc3ccccc3s2)cc1,16,225.3159942626953,Cc1ccc(-c2nc3ccccc3s2)cc1,0
O=S1(=O)CCCCN1,8,135.18800354003906,O=S1(=O)CCCCN1,0
C1CNCOC1,6,87.12200164794922,C1CNCOC1,0
Cn1ncc2ccccc21,10,132.16600036621094,Cn1ncc2ccccc21,0
CCn1c2ccccc2c2cc(C(C)=O)ccc21,18,237.302001953125,CCn1c2ccccc2c2cc(C(C)=O)ccc21,0
O=C1CCCC2CC12,8,110.15599822998047,O=C1CCCC2CC12,0
c1ccc2c(c1)Nc1ccccc1O2,14,183.2100067138672,c1ccc2c(c1)Nc1ccccc1O2,0
c1cnc2nccnc2c1,10,131.13800048828125,c1cnc2nccnc2c1,0
Cn1c2ccccc2c2ccncc21,14,182.2259979248047,Cn1c2ccccc2c2ccncc21,0
CC(C)(C)OC(=O)N1CCn2ccnc2C1,16,223.2760009765625,CC(C)(C)OC(=O)N1CCn2ccnc2C1,0
C1=C(c2ccccc2)CCNC1,12,159.23199462890625,C1=C(c2ccccc2)CCNC1,0
O=C1CCCS1,6,102.15799713134766,O=C1CCCS1,0
C[Si](C)(C)c1nccs1,9,157.31399536132812,C[Si](C)(C)c1nccs1,0
Cc1ccc(S(N)=O)cc1,10,155.2220001220703,Cc1ccc(S(N)=O)cc1,0
S=C1N[C@@H](Cc2ccccc2)CO1,13,193.27099609375,S=C1N[C@@H](Cc2ccccc2)CO1,0
c1ccc(C[C@H]2CN2)cc1,10,133.19400024414062,c1ccc(C[C@H]2CN2)cc1,0
Cc1coc2ccccc12,10,132.16200256347656,Cc1coc2ccccc12,0
Brc1ncns1,6,165.01499938964844,Brc1ncns1,0
Fc1ccc(Br)cc1Cc1cc2ccccc2s1,18,321.2139892578125,Fc1ccc(Br)cc1Cc1cc2ccccc2s1,0
CC(C)[C@@H]1COC(=S)N1,9,145.2270050048828,CC(C)[C@@H]1COC(=S)N1,0
O=C1c2ccccc2C(=O)N1CBr,13,240.05599975585938,O=C1c2ccccc2C(=O)N1CBr,0
CCc1nc2ccccc2n1-c1ccc(B2OC(C)(C)C(C)(C)O2)cc1,26,348.2550048828125,CCc1nc2ccccc2n1-c1ccc(B2OC(C)(C)C(C)(C)O2)cc1,0
COc1ccc(Cc2nccc3ccccc23)cc1,19,249.31300354003906,COc1ccc(Cc2nccc3ccccc23)cc1,0
O=Cc1ccc2cccnc2c1,12,157.1719970703125,O=Cc1ccc2cccnc2c1,0
O=C1CC2CC2C1,7,96.12899780273438,O=C1CC2CC2C1,0
O=C1CCCC2(CCC2)C1,10,138.2100067138672,O=C1CCCC2(CCC2)C1,0
CCOC(=O)c1cnns1,10,158.1820068359375,CCOC(=O)c1cnns1,0
C1CC2(CN1)OCCO2,9,129.15899658203125,C1CC2(CN1)OCCO2,0
BrC1CC/C=CCCC1,9,189.0959930419922,BrC1CCC=CCCC1,0
CC(C)(C)OC(=O)N1CC2(CC(=O)CO2)C1,16,227.25999450683594,CC(C)(C)OC(=O)N1CC2(CC(=O)CO2)C1,0
S=C1CCCCC1,7,114.21299743652344,S=C1CCCCC1,0
O=C1CCCCN1c1ccc(N2CCC=C(N3CCOCC3)C2=O)cc1,26,355.43798828125,O=C1CCCCN1c1ccc(N2CCC=C(N3CCOCC3)C2=O)cc1,0
Clc1nncs1,6,120.56400299072266,Clc1nncs1,0
c1ccc(Cc2ncc[nH]2)cc1,12,158.20399475097656,c1ccc(Cc2ncc[nH]2)cc1,0
CCc1ccc2cc3ccccc3cc2c1,16,206.28799438476562,CCc1ccc2cc3ccccc3cc2c1,0
O=c1sn(-c2cccc3ccccc23)c(=O)n1Cc1ccccc1,24,334.3999938964844,O=c1sn(-c2cccc3ccccc23)c(=O)n1Cc1ccccc1,0
O=Cc1ccc2c(c1)c1ccccc1n2Cc1ccccc1,22,285.34600830078125,O=Cc1ccc2c(c1)c1ccccc1n2Cc1ccccc1,0
N#CC(C#N)=Cc1cccs1,11,160.2010040283203,N#CC(C#N)=Cc1cccs1,0
NNC(=O)c1ccccc1,10,136.1540069580078,NNC(=O)c1ccccc1,0
CC(C)(C)OC(=O)N1CCC2(CC1)OCCc1ccsc12,21,309.4309997558594,CC(C)(C)OC(=O)N1CCC2(CC1)OCCc1ccsc12,0
CC1(C)COB(c2cccc3ccccc23)OC1,18,240.11099243164062,CC1(C)COB(c2cccc3ccccc23)OC1,0
OB1OCCc2ccccc21,11,147.97000122070312,OB1OCCc2ccccc21,0
CC(C)(C)OC(=O)N1CC2(CCNCC2)C1,16,226.32000732421875,CC(C)(C)OC(=O)N1CC2(CCNCC2)C1,0
Cn1cnnc1,6,83.09400177001953,Cn1cnnc1,0
CN1C(=O)CCC1=O,8,113.11599731445312,CN1C(=O)CCC1=O,0
O=c1ccc2ccccc2o1,11,146.14500427246094,O=c1ccc2ccccc2o1,0
Clc1nccs1,6,119.57599639892578,Clc1nccs1,0
C=CCc1ccccc1,9,118.17900085449219,C=CCc1ccccc1,0
BrC1CCOCC1,7,165.02999877929688,BrC1CCOCC1,0
O=C1COCC(=O)O1,8,116.0719985961914,O=C1COCC(=O)O1,0
Sc1nc2ccccc2o1,10,151.19000244140625,Sc1nc2ccccc2o1,0
CC1(C)C(=O)N(I)C(=O)N1I,11,379.9230041503906,CC1(C)C(=O)N(I)C(=O)N1I,0
O=c1ccc(-c2ccccn2)c[nH]1,13,172.18699645996094,O=c1ccc(-c2ccccn2)c[nH]1,0
CC1C(=O)CCC1=O,8,112.12799835205078,CC1C(=O)CCC1=O,0
Cc1ccc(CN)cc1,9,121.18299865722656,Cc1ccc(CN)cc1,1
Sc1nncs1,6,118.18599700927734,Sc1nncs1,0
CC(C)(C)OC(=O)N1CCOS1(=O)=O,14,223.25,CC(C)(C)OC(=O)N1CCOS1(=O)=O,0
O=C(O)c1ccc(=O)oc1,10,140.093994140625,O=C(O)c1ccc(=O)oc1,0
Cc1ccc(S(=O)(=O)N2CC(=O)C2)cc1,15,225.2689971923828,Cc1ccc(S(=O)(=O)N2CC(=O)C2)cc1,0
O=C1CCc2cc3c(cc21)OCO3,13,176.17100524902344,O=C1CCc2cc3c(cc21)OCO3,0
Cc1cc(=O)n(C2CCCC2)c2nc(Cl)ncc12,18,263.7279968261719,Cc1cc(=O)n(C2CCCC2)c2nc(Cl)ncc12,0
Cc1cccc2c1C(=O)OC2=O,12,162.1439971923828,Cc1cccc2c1C(=O)OC2=O,0
Cn1ccc(=O)c2ccccc21,12,159.18800354003906,Cn1ccc(=O)c2ccccc21,0
S=C1N[C@H](c2ccccc2)CO1,12,179.24400329589844,S=C1N[C@H](c2ccccc2)CO1,0
Cc1nc(C=O)cs1,8,127.16799926757812,Cc1nc(C=O)cs1,0
CN1CC=CCC1.Cl,8,133.6219940185547,CN1CC=CCC1.Cl,0
c1ccc(-c2ccsc2)nc1,11,161.22900390625,c1ccc(-c2ccsc2)nc1,0
CC(C)(C)OC(=O)N1C(=O)Cc2ccccc21,17,233.26699829101562,CC(C)(C)OC(=O)N1C(=O)Cc2ccccc21,0
c1ccc([As](c2ccccc2)c2ccccc2)cc1,19,306.239990234375,c1ccc([As](c2ccccc2)c2ccccc2)cc1,0
C[Si]1(C)c2ccccc2-c2ccccc21,15,210.3520050048828,C[Si]1(C)c2ccccc2-c2ccccc21,0
CN1C(=O)CSC1=O,8,131.156005859375,CN1C(=O)CSC1=O,0
Cl[Si]1(Cl)CCCCC1,8,169.1269989013672,Cl[Si]1(Cl)CCCCC1,0
O=C1C=CCCN1,7,97.11699676513672,O=C1C=CCCN1,0
CC(C)(C)OC(=O)N1CCC2(CC1)COC2,16,227.3040008544922,CC(C)(C)OC(=O)N1CCC2(CC1)COC2,0
CC(C)(C)OC(=O)N1CC2(CCC(=O)C2)C1,16,225.28799438476562,CC(C)(C)OC(=O)N1CC2(CCC(=O)C2)C1,0
Ic1ccc2c(c1)Cc1ccccc1-2,14,292.1189880371094,Ic1ccc2c(c1)Cc1ccccc1-2,0
Cn1ccc2ccccc2c1=O,12,159.18800354003906,Cn1ccc2ccccc2c1=O,0
O=S1(=O)C=CCC1,7,118.15699768066406,O=S1(=O)C=CCC1,0
O=C1CCCn2nccc21,10,136.1540069580078,O=C1CCCn2nccc21,0
O=C1NC(=O)C2CC12,8,111.0999984741211,O=C1NC(=O)C2CC12,0
C[Si](C)(C)n1c2ccccc2c2ccccc21,17,239.3939971923828,C[Si](C)(C)n1c2ccccc2c2ccccc21,0
CC(C)(C)OC(=O)N1CCC2(CCO2)CC1,16,227.3040008544922,CC(C)(C)OC(=O)N1CCC2(CCO2)CC1,0
c1c2c(cc3c1CCCC3)CCCC2,14,186.29800415039062,c1c2c(cc3c1CCCC3)CCCC2,0
Clc1cnc2ccccn12,10,152.58399963378906,Clc1cnc2ccccn12,0
N#CC1=Cc2ccccc2OC1,12,157.1719970703125,N#CC1=Cc2ccccc2OC1,0
c1ccc(-c2ncccn2)cc1,12,156.18800354003906,c1ccc(-c2ncccn2)cc1,0
CCOC(=O)C1=NN=C(C)C1,11,154.16900634765625,CCOC(=O)C1=NN=C(C)C1,0
c1nc2c[nH]cnc-2n1,9,120.11499786376953,c1nc2c[nH]cnc-2n1,0
Oc1cccc2scnc12,10,151.19000244140625,Oc1cccc2scnc12,0
CS(=O)(=O)n1nnc2ccccc21,13,197.218994140625,CS(=O)(=O)n1nnc2ccccc21,0
O=c1[nH]cnc2ccncc12,11,147.13699340820312,O=c1[nH]cnc2ccncc12,0
Cc1ncnc2nc[nH]c12,10,134.14199829101562,Cc1ncnc2nc[nH]c12,0
O=c1[nH]cnc2cccnc12,11,147.13699340820312,O=c1[nH]cnc2cccnc12,0
c1ccc2c(c1)[nH]c1c3ccccc3[nH]c21,16,206.2480010986328,c1ccc2c(c1)[nH]c1c3ccccc3[nH]c21,0
Clc1nccc2nccnc12,11,165.58299255371094,Clc1nccc2nccnc12,0
O=S(O)c1ccc(Cl)cc1,10,176.62399291992188,O=S(O)c1ccc(Cl)cc1,0
CN1CC(=O)OC1=O,8,115.08799743652344,CN1CC(=O)OC1=O,0
O=Cc1c[nH]c(Br)c1,8,173.9969940185547,O=Cc1c[nH]c(Br)c1,0
Cc1ccc2[nH]c3ccccc3c2c1,14,181.23800659179688,Cc1ccc2[nH]c3ccccc3c2c1,0
ClC[N+]12CCN(CC1)CC2.[Cl-],11,197.10899353027344,ClC[N+]12CCN(CC1)CC2.[Cl-],0
Cc1ccc2c(=O)[nH]ccc2c1,12,159.18800354003906,Cc1ccc2c(=O)[nH]ccc2c1,0
Clc1nnc(Cl)nn1,8,150.95599365234375,Clc1nnc(Cl)nn1,0
O=c1[nH]c2c(c(=O)[nH]1)CCC2,11,152.1529998779297,O=c1[nH]c2c(c(=O)[nH]1)CCC2,0
COc1ccc2c(c1)Nc1ccccc1S2,16,229.3040008544922,COc1ccc2c(c1)Nc1ccccc1S2,0
O=C1c2ccccc2C(=O)c2c(Cl)cccc21,17,242.66099548339844,O=C1c2ccccc2C(=O)c2c(Cl)cccc21,0
FC(F)=C(F)F,6,100.01399993896484,FC(F)=C(F)F,0
C1=CSC(=C2SC=CS2)S1,10,204.36599731445312,C1=CSC(=C2SC=CS2)S1,0
CC(C)(C)OC(=O)N1C=CCCC1,13,183.25100708007812,CC(C)(C)OC(=O)N1C=CCCC1,0
C[C@@H]1CC[C@@H](C)P1c1ccccc1P1[C@H](C)CC[C@H]1C,20,306.3699951171875,C[C@@H]1CC[C@@H](C)P1c1ccccc1P1[C@H](C)CC[C@H]1C,0
O=c1cc[nH]c2ccnn12,10,135.12600708007812,O=c1cc[nH]c2ccnn12,0
O=C1COCC(c2ccccc2)N1,13,177.2030029296875,O=C1COCC(c2ccccc2)N1,0
c1ccc2c(c1)Nc1ccccc1S2,14,199.2779998779297,c1ccc2c(c1)Nc1ccccc1S2,0
O=C1CC2=C(NCC(Br)=C2)N1,11,215.0500030517578,O=C1CC2=C(NCC(Br)=C2)N1,0
c1ccc(-c2nnn[nH]2)cc1,11,146.1529998779297,c1ccc(-c2nnn[nH]2)cc1,0
OB1c2ccccc2Oc2ccccc21,15,196.01400756835938,OB1c2ccccc2Oc2ccccc21,0
N#Cc1cnc2ccccc2c1,12,154.1719970703125,N#Cc1cnc2ccccc2c1,0
CC(=O)n1ncc2cc(Cl)ccc21,13,194.62100219726562,CC(=O)n1ncc2cc(Cl)ccc21,0
CC(C)(C)OC(=O)N1CC2(CCC(=O)CC2)C1,17,239.31500244140625,CC(C)(C)OC(=O)N1CC2(CCC(=O)CC2)C1,0
O=C1CC(=O)CC2(CCCC2)C1,12,166.22000122070312,O=C1CC(=O)CC2(CCCC2)C1,0
O=C1C=CC(=O)N1CCN1C(=O)C=CC1=O,16,220.1840057373047,O=C1C=CC(=O)N1CCN1C(=O)C=CC1=O,0
O[B-](O)(O)c1ccccn1.[Li+],11,146.8679962158203,O[B-](O)(O)c1ccccn1.[Li+],0
O=c1[nH]ccc2nccn12,10,135.12600708007812,O=c1[nH]ccc2nccn12,0
OB(O)c1ccncc1,9,122.91999816894531,OB(O)c1ccncc1,1
CCOC(=O)c1cc2ccsc2[nH]1,13,195.2429962158203,CCOC(=O)c1cc2ccsc2[nH]1,0
Cl.O=C1NCCCC12CCNCC2,13,204.7010040283203,Cl.O=C1NCCCC12CCNCC2,0
Cl.O=S1(=O)CC2(CCNC2)C1,11,197.68699645996094,Cl.O=S1(=O)CC2(CCNC2)C1,0
CN1N=C(C(F)(F)F)CC1=O,11,166.1020050048828,CN1N=C(C(F)(F)F)CC1=O,0
O=CC(C=O)c1ccncc1,11,149.1490020751953,O=CC(C=O)c1ccncc1,0
c1ncc2[nH]cnc2n1,9,120.11499786376953,c1ncc2[nH]cnc2n1,0
CC(C)(C)OC(=O)N1CC2(CNC2)C1,14,198.26600646972656,CC(C)(C)OC(=O)N1CC2(CNC2)C1,0
C1CC2(CCO1)CNC2,9,127.18699645996094,C1CC2(CCO1)CNC2,0
O=C1CC(=O)CC2(CCC2)C1,11,152.1929931640625,O=C1CC(=O)CC2(CCC2)C1,0
CC(C)(C)OC(=O)N1CCCC(C=C(Br)Br)C1,17,369.09698486328125,CC(C)(C)OC(=O)N1CCCC(C=C(Br)Br)C1,0
C1CCC2(CC1)CNC2,9,125.21499633789062,C1CCC2(CC1)CNC2,0
CCOC(=O)c1ncco1,10,141.12600708007812,CCOC(=O)c1ncco1,0
O=C1C2CCCN2C(=S)N1c1ccccc1,16,232.30799865722656,O=C1C2CCCN2C(=S)N1c1ccccc1,0
N#CC1CCSCC1,8,127.21199798583984,N#CC1CCSCC1,0
O=C(O)C1CCCCO1,9,130.14300537109375,O=C(O)C1CCCCO1,1
CC(C)(C)OC(=O)N1CCCOS1(=O)=O,15,237.27699279785156,CC(C)(C)OC(=O)N1CCCOS1(=O)=O,0
CN(C(=O)OC(C)(C)C)c1cccs1,14,213.302001953125,CN(C(=O)OC(C)(C)C)c1cccs1,0
CC1(C)COCOC1,8,116.16000366210938,CC1(C)COCOC1,0
O=C1NCCC12CCC2,9,125.1709976196289,O=C1NCCC12CCC2,0
c1ccc2c3c([nH]c2c1)CCC3,12,157.21600341796875,c1ccc2c3c([nH]c2c1)CCC3,0
ONc1ccccc1,8,109.12799835205078,ONc1ccccc1,0
N#CC12CCCN1CCC2,10,136.197998046875,N#CC12CCCN1CCC2,0
COC(=O)c1cc(-c2ccccc2)no1,15,203.19700622558594,COC(=O)c1cc(-c2ccccc2)no1,0
O=C1CCC2(CC1)COC2,10,140.1820068359375,O=C1CCC2(CC1)COC2,0
c1cc(SSc2ccncc2)ccn1,14,220.32200622558594,c1cc(SSc2ccncc2)ccn1,0
C=C(F)F,4,64.03399658203125,C=C(F)F,0
Nc1ccccc1,7,93.12899780273438,Nc1ccccc1,0
O=C1OC(=O)c2ncccc21,11,149.10499572753906,O=C1OC(=O)c2ncccc21,0
CC1=CC(=C(C#N)C#N)C=C(C)O1,13,172.18699645996094,CC1=CC(=C(C#N)C#N)C=C(C)O1,0
c1ccc(SSc2ccccc2)cc1,14,218.3459930419922,c1ccc(SSc2ccccc2)cc1,0
CN1CC(=O)OB(c2cc3ccccc3o2)OC(=O)C1,20,273.0530090332031,CN1CC(=O)OB(c2cc3ccccc3o2)OC(=O)C1,0
CC(C)(C)OC(=O)Nc1ncns1,13,201.25100708007812,CC(C)(C)OC(=O)Nc1ncns1,1
COC(=O)C=P(c1ccccc1)(c1ccccc1)c1ccccc1,24,334.3550109863281,COC(=O)C=P(c1ccccc1)(c1ccccc1)c1ccccc1,0
O=C1C(N2CCOCC2)=CCCN1c1ccc(I)cc1,20,384.2170104980469,O=C1C(N2CCOCC2)=CCCN1c1ccc(I)cc1,0
CC(=O)N1CCNCC1,9,128.1750030517578,CC(=O)N1CCNCC1,0
O/N=C/c1ccncc1,9,122.12699890136719,O/N=C/c1ccncc1,0
O=C(n1cncn1)n1cncn1,12,164.1280059814453,O=C(n1cncn1)n1cncn1,0
CC1(C)OB(C2Cc3ccccc3C2)OC1(C)C,18,244.14300537109375,CC1(C)OB(C2Cc3ccccc3C2)OC1(C)C,0
O=C(O)C=Cc1ccncc1,11,149.1490020751953,O=C(O)C=Cc1ccncc1,0
O=C(C(=O)c1ccccn1)c1ccccn1,16,212.20799255371094,O=C(C(=O)c1ccccn1)c1ccccn1,0
CN(C)c1ccccc1,9,121.18299865722656,CN(C)c1ccccc1,0
Ic1ccccc1,7,204.00999450683594,Ic1ccccc1,0
Sc1nc(-c2ccncc2)cs1,12,194.28399658203125,Sc1nc(-c2ccncc2)cs1,0
ON=C1CCN(Cc2ccccc2)CC1,15,204.2729949951172,ON=C1CCN(Cc2ccccc2)CC1,0
N#CCCO,5,71.0790023803711,N#CCCO,1
Cc1ccc(-c2cn3cc(C)ccc3n2)cc1,17,222.29100036621094,Cc1ccc(-c2cn3cc(C)ccc3n2)cc1,0
Cc1ccc2oc(C=Cc3nc4cc(C)ccc4o3)nc2c1,22,290.3219909667969,Cc1ccc2oc(C=Cc3nc4cc(C)ccc4o3)nc2c1,0
N#Cc1ccc(Br)c2cccnc12,13,233.0679931640625,N#Cc1ccc(Br)c2cccnc12,0
OB(O)c1cccc2c1-c1ccccc1C2(c1ccccc1)c1ccccc1,28,362.23699951171875,OB(O)c1cccc2c1-c1ccccc1C2(c1ccccc1)c1ccccc1,0
FC(F)=Cc1ccc(Br)cc1,11,219.0279998779297,FC(F)=Cc1ccc(Br)cc1,0
c1ccc(-c2nccs2)cc1,11,161.22900390625,c1ccc(-c2nccs2)cc1,0
Clc1cccc2scnc12,10,169.63600158691406,Clc1cccc2scnc12,0
O=Cc1ccc2ncccc2c1,12,157.1719970703125,O=Cc1ccc2ncccc2c1,0
CC(=O)Oc1cn(OC(C)=O)c2ccccc12,17,233.22300720214844,CC(=O)Oc1cn(OC(C)=O)c2ccccc12,0
O=C1CCc2c1cccc2C(F)(F)F,14,200.15899658203125,O=C1CCc2c1cccc2C(F)(F)F,0
Cc1ccccc1-c1ccccn1,13,169.2270050048828,Cc1ccccc1-c1ccccn1,0
CSc1nccn1C,8,128.1999969482422,CSc1nccn1C,0
CC(=O)OCCOC(C)=O,10,146.14199829101562,CC(=O)OCCOC(C)=O,0
O=Cc1ccc[nH]1,7,95.10099792480469,O=Cc1ccc[nH]1,1
FC(F)(F)Oc1ccccc1,11,162.11000061035156,FC(F)(F)Oc1ccccc1,0
CCCSSc1ccoc1C,11,188.31700134277344,CCCSSc1ccoc1C,0
Clc1cccc2cc[nH]c12,10,151.5959930419922,Clc1cccc2cc[nH]c12,0
COc1cccc2cccnc12,12,159.18800354003906,COc1cccc2cccnc12,0
O=Cc1nc2ccccc2s1,11,163.2010040283203,O=Cc1nc2ccccc2s1,0
O=c1c2ccccc2n(-c2ccccc2)c2ccccc12,21,271.3190002441406,O=c1c2ccccc2n(-c2ccccc2)c2ccccc12,0
c1ccc(-c2cnco2)cc1,11,145.16099548339844,c1ccc(-c2cnco2)cc1,0
C[SiH](C)c1ccccc1,9,136.27000427246094,C[SiH](C)c1ccccc1,0
CCCC(OCC)(OCC)OCC,13,190.2830047607422,CCCC(OCC)(OCC)OCC,0
CC1=CC(=O)C(C)=CC1=O,10,136.14999389648438,CC1=CC(=O)C(C)=CC1=O,0
O=S1c2ccccc2Sc2ccccc21,15,232.32899475097656,O=S1c2ccccc2Sc2ccccc21,0
CN(C)C(=O)c1ccccc1,11,149.1929931640625,CN(C)C(=O)c1ccccc1,0
N=C(Cc1ccccc1)NO,11,150.18099975585938,N=C(Cc1ccccc1)NO,0
Cc1ccc(-c2ccccn2)cc1,13,169.2270050048828,Cc1ccc(-c2ccccn2)cc1,0
c1ccc2c(c1)CCC2,9,118.17900085449219,c1ccc2c(c1)CCC2,0
CN1C(=O)Cc2ccccc21,11,147.177001953125,CN1C(=O)Cc2ccccc21,0
O=S(Cc1ccccc1)Cc1ccccc1,16,230.33200073242188,O=S(Cc1ccccc1)Cc1ccccc1,0
C1=COCCC1,6,84.11799621582031,C1=COCCC1,1
CS(=O)(=O)c1cccs1,9,162.23500061035156,CS(=O)(=O)c1cccs1,0
F[Si](c1ccccc1)(c1ccccc1)c1ccccc1,20,278.4020080566406,F[Si](c1ccccc1)(c1ccccc1)c1ccccc1,0
CC(C)[Si](S)(C(C)C)C(C)C,11,190.42799377441406,CC(C)[Si](S)(C(C)C)C(C)C,0
ClC/C=C/c1ccccc1,10,152.62399291992188,ClC/C=C/c1ccccc1,0
O=C1SS(=O)(=O)c2ccccc21,12,200.24000549316406,O=C1SS(=O)(=O)c2ccccc21,0
CC(C)(C)N1C(=O)C=CC1=O,11,153.18099975585938,CC(C)(C)N1C(=O)C=CC1=O,0
CN1CCN(C2CCNCC2)CC1,13,183.2989959716797,CN1CCN(C2CCNCC2)CC1,0
C(=Cc1ccccc1)CN1CCNCC1,15,202.30099487304688,C(=Cc1ccccc1)CN1CCNCC1,0
C=CCOc1ccccc1,10,134.17799377441406,C=CCOc1ccccc1,0
CC(C)N1CCNCC1,9,128.218994140625,CC(C)N1CCNCC1,0
CN(C)C(=O)N1CCNCC1,11,157.2169952392578,CN(C)C(=O)N1CCNCC1,0
CC(C)(C)[SiH](c1ccccc1)c1ccccc1,17,240.4219970703125,CC(C)(C)[SiH](c1ccccc1)c1ccccc1,0
CC(C)S(=O)c1ccc(Br)cc1,12,247.15699768066406,CC(C)S(=O)c1ccc(Br)cc1,0
C1CCC(N2CCNCC2)C1,11,154.2570037841797,C1CCC(N2CCNCC2)C1,0
CCCCOS(=O)(=O)c1ccccc1,14,214.28599548339844,CCCCOS(=O)(=O)c1ccccc1,0
CC(C)(C)[C@H]1COC(c2ccccn2)=N1,15,204.2729949951172,CC(C)(C)[C@H]1COC(c2ccccn2)=N1,0
CC[Si](C)(C)Cl,6,122.6709976196289,CC[Si](C)(C)Cl,0
C1CC(N2CCNCC2)C1,10,140.22999572753906,C1CC(N2CCNCC2)C1,0
N#Cc1ccc(S)cc1,9,135.1909942626953,N#Cc1ccc(S)cc1,0
CCc1ccc(S)cc1,9,138.23500061035156,CCc1ccc(S)cc1,0
CCCN1CCNCC1,9,128.218994140625,CCCN1CCNCC1,0
COC(=O)N1CCNCC1,10,144.1739959716797,COC(=O)N1CCNCC1,0
CCCS(N)(=O)=O,7,123.177001953125,CCCS(N)(=O)=O,0
CCOC(=O)C(C)(C)C,9,130.18699645996094,CCOC(=O)C(C)(C)C,0
[C-]#[N+]CS(=O)(=O)c1ccc(C)cc1,13,195.2429962158203,[C-]#[N+]CS(=O)(=O)c1ccc(C)cc1,0
CC(=O)CC(C)(C)C,8,114.18800354003906,CC(=O)CC(C)(C)C,0
O=S(=O)(c1ccccc1)N1CCNCC1,15,226.30099487304688,O=S(=O)(c1ccccc1)N1CCNCC1,0
CC(C)(C)OC(=O)N1CCNC(C(N)=O)C1,16,229.27999877929688,CC(C)(C)OC(=O)N1CCNC(C(N)=O)C1,0
COc1ccc2c(c1)C(C)(C)c1ccccc1-2,17,224.30299377441406,COc1ccc2c(c1)C(C)(C)c1ccccc1-2,0
CCOC(=O)CP(Br)(c1ccccc1)(c1ccccc1)c1ccccc1,26,429.29400634765625,CCOC(=O)CP(Br)(c1ccccc1)(c1ccccc1)c1ccccc1,0
CC(C)(C)NS(=O)(=O)c1ccccc1,14,213.302001953125,CC(C)(C)NS(=O)(=O)c1ccccc1,0
CC(C)S(=O)(=O)c1ccc(Br)cc1,13,263.156005859375,CC(C)S(=O)(=O)c1ccc(Br)cc1,0
FC(F)(F)C1CNCCN1,10,154.13499450683594,FC(F)(F)C1CNCCN1,0
COC(OC)c1ccncn1,11,154.16900634765625,COC(OC)c1ccncn1,1
c1ccc([C@H]2CN3CCSC3=N2)cc1,14,204.29800415039062,c1ccc([C@H]2CN3CCSC3=N2)cc1,0
CC(C)(C)COS(=O)(=O)c1ccccc1,15,228.31300354003906,CC(C)(C)COS(=O)(=O)c1ccccc1,0
COCC1(COC)c2ccccc2-c2ccccc21,19,254.32899475097656,COCC1(COC)c2ccccc2-c2ccccc21,0
CC(C)(C)P(c1ccccc1)c1ccccc1,17,242.302001953125,CC(C)(C)P(c1ccccc1)c1ccccc1,0
CC1c2ccccc2-c2ccccc21,14,180.25,CC1c2ccccc2-c2ccccc21,0
Nc1ccc2c(c1)Cc1ccccc1-2,14,181.23800659179688,Nc1ccc2c(c1)Cc1ccccc1-2,0
C1CN(C2CC2)CCN1,9,126.2030029296875,C1CN(C2CC2)CCN1,0
CC(C)(C)C(=O)OC(=O)C(C)(C)C,13,186.25100708007812,CC(C)(C)C(=O)OC(=O)C(C)(C)C,0
CC(=O)/C=C/CC(C)C,9,126.1989974975586,CC(=O)/C=C/CC(C)C,0
CC(=O)c1ccc2c(c1)Cc1ccccc1-2,16,208.25999450683594,CC(=O)c1ccc2c(c1)Cc1ccccc1-2,0
O=CN1CCNCC1,8,114.14800262451172,O=CN1CCNCC1,0
Cc1ccc(C(C)(C)C)cc1,11,148.24899291992188,Cc1ccc(C(C)(C)C)cc1,0
CC(C)(C)C(=O)CC(=O)C(C)(C)C,13,184.2790069580078,CC(C)(C)C(=O)CC(=O)C(C)(C)C,0
C#CCOS(=O)(=O)c1ccc(C)cc1,14,210.25399780273438,C#CCOS(=O)(=O)c1ccc(C)cc1,0
O=C(S)c1ccccc1,9,138.1909942626953,O=C(S)c1ccccc1,0
CC(=O)C1=NCCS1,8,129.1840057373047,CC(=O)C1=NCCS1,0
CC(C)C(=O)CC(=O)C(C)C,11,156.22500610351562,CC(C)C(=O)CC(=O)C(C)C,0
CC1(C)OI(C(F)(F)F)c2ccccc21,15,330.0870056152344,CC1(C)OI(C(F)(F)F)c2ccccc21,0
CCN1CCCS1(=O)=O,9,149.21499633789062,CCN1CCCS1(=O)=O,0
CSC1=NCCN1,7,116.18900299072266,CSC1=NCCN1,0
Cc1ccc2c(c1)Cc1ccccc1-2,14,180.25,Cc1ccc2c(c1)Cc1ccccc1-2,0
CC(C)(C)c1cccs1,9,140.25100708007812,CC(C)(C)c1cccs1,0
CCP(=O)(c1ccccc1)c1ccccc1,16,230.2469940185547,CCP(=O)(c1ccccc1)c1ccccc1,0
FC1(F)Oc2ccccc2O1,11,158.10299682617188,FC1(F)Oc2ccccc2O1,0
CC(C)C(=O)N(C)C,8,115.1760025024414,CC(C)C(=O)N(C)C,0
CC[Si](CC)(CC)CC,9,144.33399963378906,CC[Si](CC)(CC)CC,0
CC(=O)C=CC(C)C,8,112.1719970703125,CC(=O)C=CC(C)C,0
CC(C)N=C=S,6,101.17400360107422,CC(C)N=C=S,0
O=C(OCc1ccccc1)OCc1ccccc1,18,242.2740020751953,O=C(OCc1ccccc1)OCc1ccccc1,0
COC(=O)C1COCC1=O,10,144.12600708007812,COC(=O)C1COCC1=O,0
CC(C)=Cc1ccccc1,10,132.20599365234375,CC(C)=Cc1ccccc1,0
Cn1ccccc1=O,8,109.12799835205078,Cn1ccccc1=O,0
COC(C)(OC)C(C)=O,9,132.15899658203125,COC(C)(OC)C(C)=O,0
SCc1cccs1,7,130.23699951171875,SCc1cccs1,0
CCC(C)C1=NCCS1,9,143.2550048828125,CCC(C)C1=NCCS1,0
CC(C)(C)OC(=O)N1CCCCC1,13,185.26699829101562,CC(C)(C)OC(=O)N1CCCCC1,1
COC(=O)C1=CCS(=O)(=O)C1,11,176.1929931640625,COC(=O)C1=CCS(=O)(=O)C1,0
Brc1cnsc1,6,164.02699279785156,Brc1cnsc1,0
Cc1ccc(SSc2ccc(C)cc2)cc1,16,246.39999389648438,Cc1ccc(SSc2ccc(C)cc2)cc1,0
CC(C)(C)OC(=O)N1CCc2sccc2C1,16,239.33999633789062,CC(C)(C)OC(=O)N1CCc2sccc2C1,0
CC1=C(C(=O)Nc2ccccc2)SCCO1,16,235.30799865722656,CC1=C(C(=O)Nc2ccccc2)SCCO1,0
C=C(B(O)O)c1ccccc1,11,147.97000122070312,C=C(B(O)O)c1ccccc1,0
CCC1(C)OCCO1,8,116.16000366210938,CCC1(C)OCCO1,0
c1ccc(C2c3ccccc3-c3ccccc32)cc1,19,242.3209991455078,c1ccc(C2c3ccccc3-c3ccccc32)cc1,0
CCCSS(=O)(=O)CCC,10,182.30999755859375,CCCSS(=O)(=O)CCC,0
Cc1ccc(S(=O)(=O)OCC2CCOCC2)cc1,18,270.3500061035156,Cc1ccc(S(=O)(=O)OCC2CCOCC2)cc1,0
O=C(CC(F)(F)F)c1ccccc1,13,188.1479949951172,O=C(CC(F)(F)F)c1ccccc1,0
c1cnc(N2CCNCC2)cn1,12,164.21200561523438,c1cnc(N2CCNCC2)cn1,0
CC(=O)C1CCC1,7,98.1449966430664,CC(=O)C1CCC1,1
O=C(O)C1CC=CC1,8,112.12799835205078,O=C(O)C1CC=CC1,1
CCOC(=O)c1ccon1,10,141.12600708007812,CCOC(=O)c1ccon1,1
Clc1nc2ccccc2nc1-c1ccccc1,17,240.6929931640625,Clc1nc2ccccc2nc1-c1ccccc1,1
O=C1Cc2ccccc2CO1,11,148.16099548339844,O=C1Cc2ccccc2CO1,1
Brc1ccnc2ccccc12,11,208.05799865722656,Brc1ccnc2ccccc12,1
CCOC(=O)N1CCC(=C2c3ccc(Cl)cc3CCc3cccnc32)CC1,27,382.8909912109375,CCOC(=O)N1CCC(=C2c3ccc(Cl)cc3CCc3cccnc32)CC1,1
CC(C)(C)OC(=O)Nc1cccnc1,14,194.23399353027344,CC(C)(C)OC(=O)Nc1cccnc1,1
O=C(c1cccnc1Cl)N1CCCC1,14,210.66400146484375,O=C(c1cccnc1Cl)N1CCCC1,1
Cc1cc2ccccc2oc1=O,12,160.1719970703125,Cc1cc2ccccc2oc1=O,1
BrC1(c2ccccc2)c2ccccc2-c2ccccc21,20,321.2170104980469,BrC1(c2ccccc2)c2ccccc2-c2ccccc21,1
Cn1ccc(B2OC(C)(C)C(C)(C)O2)c1,15,207.08200073242188,Cn1ccc(B2OC(C)(C)C(C)(C)O2)c1,1
CCOC(=O)c1nc(Cl)c2ccccc2n1,16,236.6580047607422,CCOC(=O)c1nc(Cl)c2ccccc2n1,1
CCOC(=O)c1c(C)cc(=O)oc1C,14,196.20199584960938,CCOC(=O)c1c(C)cc(=O)oc1C,1
COc1cccs1,7,114.16899871826172,COc1cccs1,1
OCC1CCC=CO1,8,114.14399719238281,OCC1CCC=CO1,1
Cc1ccnnc1,7,94.11699676513672,Cc1ccnnc1,1
Clc1cccc2sccc12,10,168.6479949951172,Clc1cccc2sccc12,1
C=C1N(C)c2ccccc2C1(C)C,13,173.25900268554688,C=C1N(C)c2ccccc2C1(C)C,1
C=CC1CCC2OC2C1,9,124.18299865722656,C=CC1CCC2OC2C1,1
CC1(C)OB(CI)OC1(C)C,11,267.90301513671875,CC1(C)OB(CI)OC1(C)C,1
C[Si](C)(C)N1CCOCC1,10,159.30499267578125,C[Si](C)(C)N1CCOCC1,1
CCOC(=O)P(=O)(OCC)OCC,13,210.16600036621094,CCOC(=O)P(=O)(OCC)OCC,1
O=C1CC(C(=O)OCc2ccccc2)C1,15,204.22500610351562,O=C1CC(C(=O)OCc2ccccc2)C1,1
CC1=C(C=O)C(C)(C)CC=C1,11,150.2209930419922,CC1=C(C=O)C(C)(C)CC=C1,1
Clc1cc(Cl)n2nccc2n1,11,188.01699829101562,Clc1cc(Cl)n2nccc2n1,1
COc1ccc2c(c1)CCC(=O)N2C,14,191.22999572753906,COc1ccc2c(c1)CCC(=O)N2C,1
Cn1cnc(Cl)cc1=O,9,144.56100463867188,Cn1cnc(Cl)cc1=O,1
O=C(O)C1CC1F,7,104.08000183105469,O=C(O)C1CC1F,1
CC(=O)c1ccc2ncc(Br)cc2c1,14,250.09500122070312,CC(=O)c1ccc2ncc(Br)cc2c1,1
CC(=O)n1ccc2cccnc21,12,160.17599487304688,CC(=O)n1ccc2cccnc21,1
O=C1CC2CCC(C1)N2Cc1ccccc1,16,215.29600524902344,O=C1CC2CCC(C1)N2Cc1ccccc1,1
O=C1OC(=O)C2CCC12,9,126.11100006103516,O=C1OC(=O)C2CCC12,1
Clc1nc(Cl)c2ncn(Cc3ccccc3)c2n1,18,279.1300048828125,Clc1nc(Cl)c2ncn(Cc3ccccc3)c2n1,1
Cn1[nH]ccc1=O,7,98.1050033569336,Cn1[nH]ccc1=O,1
CC1=NC(CC(C)C)SC1C,11,171.3090057373047,CC1=NC(CC(C)C)SC1C,1
C1CSCCO1,6,104.17400360107422,C1CSCCO1,1
CO[Si](C)(C)C,6,104.2249984741211,CO[Si](C)(C)C,1
O=C1CN=C(c2ccccc2)O1,12,161.16000366210938,O=C1CN=C(c2ccccc2)O1,1
Cc1nc2ccccc2[nH]1,10,132.16600036621094,Cc1nc2ccccc2[nH]1,1
O=C1CC=NN1,6,84.0780029296875,O=C1CC=NN1,1
O=C1OC(=O)C2CC12,8,112.08399963378906,O=C1OC(=O)C2CC12,1
O=c1cc[nH]c2ccccc12,11,145.16099548339844,O=c1cc[nH]c2ccccc12,1
O=C(O)C(C(=O)O)c1ccsc1,12,186.18800354003906,O=C(O)C(C(=O)O)c1ccsc1,1
O=c1cc[nH][nH]1,6,84.0780029296875,O=c1cc[nH][nH]1,1
O=C(O)C(C(=O)O)c1ccccc1,13,180.15899658203125,O=C(O)C(C(=O)O)c1ccccc1,1
O=c1cc[nH]cc1,7,95.10099792480469,O=c1cc[nH]cc1,1
O=C(O)C1CCN(Cc2ccccn2)CC1,16,220.27200317382812,O=C(O)C1CCN(Cc2ccccn2)CC1,1
O=C1COC(=O)C1,7,100.072998046875,O=C1COC(=O)C1,1
O=C1CCN1,5,71.0790023803711,O=C1CCN1,1
Oc1ccc(C23CC4CC(CC(C4)C2)C3)cc1,17,228.3350067138672,Oc1ccc(C23CC4CC(CC(C4)C2)C3)cc1,1
OB(O)c1cccc2c1Sc1ccccc1S2,17,260.14801025390625,OB(O)c1cccc2c1Sc1ccccc1S2,1
O=c1cc[nH]cn1,7,96.08899688720703,O=c1cc[nH]cn1,1
O=c1ccnc[nH]1,7,96.08899688720703,O=c1ccnc[nH]1,1
c1cc2cc[nH]c2cn1,9,118.13899993896484,c1cc2cc[nH]c2cn1,1
CC(=O)c1cnc2ccc(Br)cn12,13,239.07200622558594,CC(=O)c1cnc2ccc(Br)cn12,1
O=Cc1ccc2nccnc2c1,12,158.16000366210938,O=Cc1ccc2nccnc2c1,1
O=Cc1cncnc1,8,108.0999984741211,O=Cc1cncnc1,1
[O-][n+]1onc2ccccc21,10,136.11000061035156,[O-][n+]1onc2ccccc21,1
Ic1cccc2cnccc12,11,255.05799865722656,Ic1cccc2cnccc12,1
CP(C)(C)=O,5,92.0780029296875,CP(C)(C)=O,1
On1cccn1,6,84.0780029296875,On1cccn1,1
Cn1sc2ccccc2c1=O,11,165.2169952392578,Cn1sc2ccccc2c1=O,1
CC1=CC(=O)N=N1,7,96.08899688720703,CC1=CC(=O)N=N1,1
O=C1C=CC(=O)N1,7,97.072998046875,O=C1C=CC(=O)N1,1
Sc1nc2ccccc2s1,10,167.25799560546875,Sc1nc2ccccc2s1,1
O=c1[nH]sc2ccccc12,10,151.19000244140625,O=c1[nH]sc2ccccc12,1
O=C1COC(=O)CO1,8,116.0719985961914,O=C1COC(=O)CO1,1
O=C(O)/C=C/c1ccoc1,10,138.1219940185547,O=C(O)/C=C/c1ccoc1,1
O=C(O)c1ccn2nccc2c1,12,162.1479949951172,O=C(O)c1ccn2nccc2c1,1
O=c1[nH]c(=O)c2nccnc2[nH]1,12,164.12399291992188,O=c1[nH]c(=O)c2nccnc2[nH]1,1
OB(O)c1ccc2cccnc2c1,13,172.97999572753906,OB(O)c1ccc2cccnc2c1,1
CS(=O)(=O)c1ccc(C(=O)O)nc1,13,201.2030029296875,CS(=O)(=O)c1ccc(C(=O)O)nc1,1
COC(=O)n1c(B(O)O)cc2ccccc21,16,219.0050048828125,COC(=O)n1c(B(O)O)cc2ccccc21,1
O=C(O)c1ccc2oc(=O)ccc2c1,14,190.1540069580078,O=C(O)c1ccc2oc(=O)ccc2c1,1
O=C(O)c1cccc2cc3ccccc3nc12,17,223.2310028076172,O=C(O)c1cccc2cc3ccccc3nc12,1
O=C1NC(=O)C2(CCNCC2)N1,12,169.1840057373047,O=C1NC(=O)C2(CCNCC2)N1,1
C#C[B-](F)(F)F.[K+],7,131.9340057373047,C#C[B-](F)(F)F.[K+],1
CC1(C)C2C(=O)NC(=O)C21,10,139.1540069580078,CC1(C)C2C(=O)NC(=O)C21,1
Clc1ccc2nncn2n1,10,154.55999755859375,Clc1ccc2nncn2n1,1
O=C1OP(Cl)Oc2ccccc21,12,202.5330047607422,O=C1OP(Cl)Oc2ccccc21,1
CN1N=CCC1=O,7,98.1050033569336,CN1N=CCC1=O,1
O=C1COCCO1,7,102.08899688720703,O=C1COCCO1,1
O=C(O)CC(c1ccccc1)(c1ccccc1)c1ccccc1,23,302.37298583984375,O=C(O)CC(c1ccccc1)(c1ccccc1)c1ccccc1,1
CC1=NNC(=O)C1,7,98.1050033569336,CC1=NNC(=O)C1,1
Nc1nc2nc[nH]c2c(=O)[nH]1,11,151.12899780273438,Nc1nc2nc[nH]c2c(=O)[nH]1,1
Cn1cc(S(=O)(=O)Cl)cn1,10,180.61599731445312,Cn1cc(S(=O)(=O)Cl)cn1,1
Oc1cccc(N2CCOCC2)c1,13,179.218994140625,Oc1cccc(N2CCOCC2)c1,1
O=C1OC(=O)C(Cl)=C1Cl,9,166.94700622558594,O=C1OC(=O)C(Cl)=C1Cl,1
CC(C)[B-](F)(F)F.[K+],8,149.9929962158203,CC(C)[B-](F)(F)F.[K+],1
OCc1ccccc1N1CCN(Cc2ccccc2)CC1,21,282.3869934082031,OCc1ccccc1N1CCN(Cc2ccccc2)CC1,1
CN1CCN(C)C(C(=O)O)C1,11,158.2010040283203,CN1CCN(C)C(C(=O)O)C1,1
BrCc1c2ccccc2nc2ccccc12,16,272.1449890136719,BrCc1c2ccccc2nc2ccccc12,1
O=C(O)c1ccc2sccc2c1,12,178.21200561523438,O=C(O)c1ccc2sccc2c1,1
CC(C)(C)NC=O,7,101.14900207519531,CC(C)(C)NC=O,1
Cn1cncc1B1OC(C)(C)C(C)(C)O1,15,208.07000732421875,Cn1cncc1B1OC(C)(C)C(C)(C)O1,1
Cn1cnc(N)c2ncnc1-2,11,149.15699768066406,Cn1cnc(N)c2ncnc1-2,1
Cc1ccc(-n2nccn2)c(C(=O)O)c1,15,203.2010040283203,Cc1ccc(-n2nccn2)c(C(=O)O)c1,1
Cn1cccc1,6,81.11799621582031,Cn1cccc1,1
C1CN2CCC1CC2,8,111.18800354003906,C1CN2CCC1CC2,1
c1cc(N2CCOCC2)ccn1,12,164.20799255371094,c1cc(N2CCOCC2)ccn1,1
CC(C)(C)OC(=O)N1CCOC(C(=O)O)C1,16,231.2480010986328,CC(C)(C)OC(=O)N1CCOC(C(=O)O)C1,1
N#CCCNN,6,85.11000061035156,N#CCCNN,1
CC(C)N(C)C,6,87.16600036621094,CC(C)N(C)C,1
O=[PH](c1cccc2ccccc12)c1cccc2ccccc12,22,302.31298828125,O=[PH](c1cccc2ccccc12)c1cccc2ccccc12,1
CC1(C)OB(C2=CC(=O)CCC2)OC1(C)C,16,222.09300231933594,CC1(C)OB(C2=CC(=O)CCC2)OC1(C)C,1
Clc1cccc2cn[nH]c12,10,152.58399963378906,Clc1cccc2cn[nH]c12,1
CC(C)(C)OC(=O)N1CC2(CCNC2)C1,15,212.29299926757812,CC(C)(C)OC(=O)N1CC2(CCNC2)C1,1
CC[B-](F)(F)F.[K+],7,135.96600341796875,CC[B-](F)(F)F.[K+],1
CCCCP(=O)(O)O,8,138.10299682617188,CCCCP(=O)(O)O,1
O=C(O)/C=C/c1cccnc1,11,149.1490020751953,O=C(O)/C=C/c1cccnc1,1
OB(O)c1ccnc2ccccc12,13,172.97999572753906,OB(O)c1ccnc2ccccc12,1
O=C1CS(=O)(=O)c2ccccc21,12,182.1999969482422,O=C1CS(=O)(=O)c2ccccc21,1
F[B-](F)(F)c1ccccc1.[K+],11,184.00999450683594,F[B-](F)(F)c1ccccc1.[K+],1
N#Cc1c2ccccc2cc2ccccc12,16,203.24400329589844,N#Cc1c2ccccc2cc2ccccc12,1
Cn1c2ccccc2c(=O)c2ccccc21,16,209.2480010986328,Cn1c2ccccc2c(=O)c2ccccc21,1
O=[N+]([O-])c1ccc2c(c1)Cc1ccccc1-2,16,211.22000122070312,O=[N+]([O-])c1ccc2c(c1)Cc1ccccc1-2,1
Cc1ccc2c(c1)C(=O)c1ccccc1C2=O,17,222.2429962158203,Cc1ccc2c(c1)C(=O)c1ccccc1C2=O,1
c1ccc(-c2c3ccccc3nc3ccccc23)cc1,20,255.32000732421875,c1ccc(-c2c3ccccc3nc3ccccc23)cc1,1
O=C1Nc2cccc3cccc1c23,13,169.18299865722656,O=C1Nc2cccc3cccc1c23,1
c1ccc2c(c1)Sc1ccccc1S2,14,216.3300018310547,c1ccc2c(c1)Sc1ccccc1S2,1
O=Nc1ccccc1,8,107.11199951171875,O=Nc1ccccc1,1
O=C1CC(=O)c2ccccc21,11,146.14500427246094,O=C1CC(=O)c2ccccc21,1
c1ccc2c(c1)Oc1ccccc1S2,14,200.26199340820312,c1ccc2c(c1)Oc1ccccc1S2,1
OB(O)c1ccc2cc3ccccc3cc2c1,17,222.052001953125,OB(O)c1ccc2cc3ccccc3cc2c1,1
OB(O)c1ccc2c(c1)CC2,11,147.97000122070312,OB(O)c1ccc2c(c1)CC2,1
O=C(O)c1ccc(F)cc1,10,140.11300659179688,O=C(O)c1ccc(F)cc1,1
c1ccc(-c2ccccn2)cc1,12,155.1999969482422,c1ccc(-c2ccccn2)cc1,1
O=C(c1ccccc1)c1ccccc1,14,182.2220001220703,O=C(c1ccccc1)c1ccccc1,1
C[Si](C)(C)c1ccc(Br)cc1,11,229.1929931640625,C[Si](C)(C)c1ccc(Br)cc1,1
O=C1C(O)=C([C@H]2CC[C@H](c3ccc(Cl)cc3)CC2)C(=O)c2ccccc21,26,366.843994140625,O=C1C(O)=C([C@H]2CC[C@H](c3ccc(Cl)cc3)CC2)C(=O)c2ccccc21,1
OC1COC(O)CO1,8,120.10399627685547,OC1COC(O)CO1,1
O=C1Cc2ccccc2C(=O)N1,12,161.16000366210938,O=C1Cc2ccccc2C(=O)N1,1
OB(O)c1ccc2ncccc2c1,13,172.97999572753906,OB(O)c1ccc2ncccc2c1,1
c1cncc(B2OCCCO2)c1,12,162.98500061035156,c1cncc(B2OCCCO2)c1,1
c1ccc2oc(-c3ccc(-c4nc5ccccc5o4)c4ccccc34)nc2c1,28,362.38800048828125,c1ccc2oc(-c3ccc(-c4nc5ccccc5o4)c4ccccc34)nc2c1,1
COc1ccc(-c2cc3ccc(OC)cc3s2)cc1,19,270.3529968261719,COc1ccc(-c2cc3ccc(OC)cc3s2)cc1,1
O=C1OI(O)c2ccccc21,11,264.01800537109375,O=C1OI(O)c2ccccc21,1
c1cc(-c2ccsc2)cs1,10,166.27000427246094,c1cc(-c2ccsc2)cs1,1
O=[PH](c1ccc2ccccc2c1)c1ccc2ccccc2c1,22,302.31298828125,O=[PH](c1ccc2ccccc2c1)c1ccc2ccccc2c1,1
C=CC(OC)OC,7,102.13300323486328,C=CC(OC)OC,1
CC1=CC(=O)C=C(C)C1=O,10,136.14999389648438,CC1=CC(=O)C=C(C)C1=O,1
N#Cc1nccs1,7,110.14099884033203,N#Cc1nccs1,1
CC1=Nc2ccc3ccccc3c2C1(C)C,16,209.29200744628906,CC1=Nc2ccc3ccccc3c2C1(C)C,1
CC1(C)OCC(=O)CO1,9,130.14300537109375,CC1(C)OCC(=O)CO1,1
C=C(C)C(=C)C,6,82.14600372314453,C=C(C)C(=C)C,1
O=C1CC(c2ccccc2)C1,11,146.18899536132812,O=C1CC(c2ccccc2)C1,1
ClCc1ccc2ccccc2c1,12,176.64599609375,ClCc1ccc2ccccc2c1,1
N#CC1CC1,5,67.09100341796875,N#CC1CC1,1
O=C1C=CCC1,6,82.10199737548828,O=C1C=CCC1,1
c1ccc(CSSCc2ccccc2)cc1,16,246.39999389648438,c1ccc(CSSCc2ccccc2)cc1,1
N#Cc1csc2ccccc12,11,159.21299743652344,N#Cc1csc2ccccc12,1
COC(=O)c1ccc(C)nc1,11,151.1649932861328,COC(=O)c1ccc(C)nc1,1
CC(Cl)c1ccccc1,9,140.61300659179688,CC(Cl)c1ccccc1,1
C1=Cc2ccccc2C1,9,116.16300201416016,C1=Cc2ccccc2C1,1
Cc1ccc(S(=O)(=O)OCC(F)(F)F)cc1,16,254.22900390625,Cc1ccc(S(=O)(=O)OCC(F)(F)F)cc1,1
COS(=O)(=O)c1ccccc1,11,172.2050018310547,COS(=O)(=O)c1ccccc1,1
C#CCOS(=O)(=O)c1ccccc1,13,196.2270050048828,C#CCOS(=O)(=O)c1ccccc1,1
C=CCB1OC(C)(C)C(C)(C)O1,12,168.0449981689453,C=CCB1OC(C)(C)C(C)(C)O1,1
CC(C)(C)CBr,6,151.0469970703125,CC(C)(C)CBr,1
CC(C)(C)B1OC(C)(C)C(C)(C)O1,13,184.08799743652344,CC(C)(C)B1OC(C)(C)C(C)(C)O1,1
OC1(c2ccccc2)c2ccccc2-c2ccccc21,20,258.32000732421875,OC1(c2ccccc2)c2ccccc2-c2ccccc21,1
Cc1cc(N2CCNCC2)n(-c2ccccc2)n1,18,242.3260040283203,Cc1cc(N2CCNCC2)n(-c2ccccc2)n1,1
CC(C)(C)CCl,6,106.59600067138672,CC(C)(C)CCl,1
C=C[Si](C)(C)C,6,100.23699951171875,C=C[Si](C)(C)C,1
CNC(C)(C)C,6,87.16600036621094,CNC(C)(C)C,1
CC(C)(C)NO,6,89.13800048828125,CC(C)(C)NO,1
CC[C@H]1CNCCN1,8,114.19200134277344,CC[C@H]1CNCCN1,1
CSCSC,5,108.23100280761719,CSCSC,1
CC(C)(C)N1CCNCC1,10,142.24600219726562,CC(C)(C)N1CCNCC1,1
CC(C)(C)CN,6,87.16600036621094,CC(C)(C)CN,1
CC(C)N=C=NC(C)C,9,126.2030029296875,CC(C)N=C=NC(C)C,1
CCN1CCNCC1,8,114.19200134277344,CCN1CCNCC1,1
Cc1ccc(C=O)cc1,9,120.1510009765625,Cc1ccc(C=O)cc1,1
CC1(C)OB(CBr)OC1(C)C,11,220.9029998779297,CC1(C)OB(CBr)OC1(C)C,1
CON(C)C(=O)C(C)(C)C,10,145.20199584960938,CON(C)C(=O)C(C)(C)C,1
CSCS(C)=O,6,124.2300033569336,CSCS(C)=O,1
CCOC(=O)c1cn[nH]c1,10,140.14199829101562,CCOC(=O)c1cn[nH]c1,1
c1cc(N2CCNCC2)ccn1,12,163.2239990234375,c1cc(N2CCNCC2)ccn1,1
CCO[SiH](C)C,6,104.2249984741211,CCO[SiH](C)C,1
C#CS(=O)(=O)c1ccc(C)cc1,12,180.22799682617188,C#CS(=O)(=O)c1ccc(C)cc1,1
COC(=O)CS,6,106.14600372314453,COC(=O)CS,1
COC(=O)N1CCN=C1SC,11,174.22500610351562,COC(=O)N1CCN=C1SC,1
C#CCOC,5,70.09100341796875,C#CCOC,1
CC(C)(C)C(=O)CC#N,9,125.1709976196289,CC(C)(C)C(=O)CC#N,1
C/C=C/c1ccccc1,9,118.17900085449219,C/C=C/c1ccccc1,1
NC1COC1,5,73.09500122070312,NC1COC1,1
Cn1cccc1C=O,8,109.12799835205078,Cn1cccc1C=O,1
CC1(C)c2ccccc2-c2ccc(Nc3ccccc3)cc21,22,285.3900146484375,CC1(C)c2ccccc2-c2ccc(Nc3ccccc3)cc21,1
[C-]#[N+]C(C)(C)C,6,83.13400268554688,[C-]#[N+]C(C)(C)C,1
CN1CCN(N)CC1,8,115.18000030517578,CN1CCN(N)CC1,1
CC1(C)OCC(N)CO1,9,131.1750030517578,CC1(C)OCC(N)CO1,1
CC(C)C(N)=O,6,87.12200164794922,CC(C)C(N)=O,1
CC(C)N(C=O)C(C)C,9,129.2030029296875,CC(C)N(C=O)C(C)C,1
CCO/C=C/B1OC(C)(C)C(C)(C)O1,14,198.0709991455078,CCO/C=C/B1OC(C)(C)C(C)(C)O1,1
CC1(C)OB(C2CCOC2)OC1(C)C,14,198.0709991455078,CC1(C)OB(C2CCOC2)OC1(C)C,1
COC(C)(CN)OC,8,119.16400146484375,COC(C)(CN)OC,1
O=CCOCc1ccccc1,11,150.177001953125,O=CCOCc1ccccc1,1
CCc1ccc(C)cc1,9,120.19499969482422,CCc1ccc(C)cc1,1
C=CC1COC(=O)O1,8,114.0999984741211,C=CC1COC(=O)O1,1
CC(C)P(c1ccccc1)c1ccccc1,16,228.27499389648438,CC(C)P(c1ccccc1)c1ccccc1,1
COCc1ccccc1,9,122.16699981689453,COCc1ccccc1,1
Nc1nsc2ccccc12,10,150.20599365234375,Nc1nsc2ccccc12,1
C[Si](C)(C)C1SCCCS1,10,192.4250030517578,C[Si](C)(C)C1SCCCS1,1
Cc1ccc(=O)n(-c2ccccc2)c1,14,185.2259979248047,Cc1ccc(=O)n(-c2ccccc2)c1,1
c1cc(C2OCCO2)cs1,10,156.20599365234375,c1cc(C2OCCO2)cs1,1
CC1=CC(=O)C(C)=C(C)C1=O,11,150.177001953125,CC1=CC(=O)C(C)=C(C)C1=O,1
Ic1cccc2oc3ccccc3c12,14,294.09100341796875,Ic1cccc2oc3ccccc3c12,1
CN1C(=O)c2ccccc2S1(=O)=O,13,197.21499633789062,CN1C(=O)c2ccccc2S1(=O)=O,1
Cc1ncccn1,7,94.11699676513672,Cc1ncccn1,1
CCS(=O)(=O)C(C)C,8,136.21600341796875,CCS(=O)(=O)C(C)C,1
CCC/C=C/C=O,7,98.1449966430664,CCC/C=C/C=O,1
CC(C)C1CCCCC1,9,126.24299621582031,CC(C)C1CCCCC1,1
CC(S)C(C)S,6,122.25800323486328,CC(S)C(C)S,1
CC(=O)/C=C/N(C)C,8,113.16000366210938,CC(=O)/C=C/N(C)C,1
O=CC=P(c1ccccc1)(c1ccccc1)c1ccccc1,22,304.3290100097656,O=CC=P(c1ccccc1)(c1ccccc1)c1ccccc1,1
NC1=NCCS1,6,102.16200256347656,NC1=NCCS1,1
CC(C)(C)C(=N)N.Cl,8,136.62600708007812,CC(C)(C)C(=N)N.Cl,1
NC(=O)OCC1c2ccccc2-c2ccccc21,18,239.2740020751953,NC(=O)OCC1c2ccccc2-c2ccccc21,1
O=S1(=O)CS(=O)(=O)OCO1,10,188.1820068359375,O=S1(=O)CS(=O)(=O)OCO1,1
CC(C)(C)c1ncc[nH]1,9,124.18699645996094,CC(C)(C)c1ncc[nH]1,1
O=CN1C(=O)c2ccccc2S1(=O)=O,14,211.197998046875,O=CN1C(=O)c2ccccc2S1(=O)=O,1
CC(C)(C)CB(O)O,8,115.96900177001953,CC(C)(C)CB(O)O,1
O=S(=O)(NO)c1ccccc1,11,173.1929931640625,O=S(=O)(NO)c1ccccc1,1
C[Si](C)(C)CO,6,104.2249984741211,C[Si](C)(C)CO,1
CNC=O,4,59.06800079345703,CNC=O,1
c1cnc(N2CCNCC2)nc1,12,164.21200561523438,c1cnc(N2CCNCC2)nc1,1
CC1=NCCCN1C,8,112.1760025024414,CC1=NCCCN1C,1
c1csc(N2CCNCC2)n1,11,169.2530059814453,c1csc(N2CCNCC2)n1,0
CC1=CCC(C(C)C)C=C1,10,136.23800659179688,CC1=CCC(C(C)C)C=C1,0
c1ccc2n[nH]cc2c1,9,118.13899993896484,c1ccc2n[nH]cc2c1,0
Clc1ccc2c(c1)Cc1cc(Cl)ccc1-2,15,235.11300659179688,Clc1ccc2c(c1)Cc1cc(Cl)ccc1-2,0
N#CN=C(Oc1ccccc1)Oc1ccccc1,18,238.24600219726562,N#CN=C(Oc1ccccc1)Oc1ccccc1,0
BrP(Br)(c1ccccc1)(c1ccccc1)c1ccccc1,21,422.1000061035156,BrP(Br)(c1ccccc1)(c1ccccc1)c1ccccc1,0
O=S1(=O)NC(=S)c2ccccc21,12,199.25599670410156,O=S1(=O)NC(=S)c2ccccc21,0
c1cncc(N2CCNCC2)c1,12,163.2239990234375,c1cncc(N2CCNCC2)c1,0
CS(=O)(=O)Nc1ccccc1,11,171.2209930419922,CS(=O)(=O)Nc1ccccc1,0
O=CCN1C(=O)c2ccccc2C1=O,14,189.1699981689453,O=CCN1C(=O)c2ccccc2C1=O,0
CC(C)(C)NN.Cl,7,124.61499786376953,CC(C)(C)NN.Cl,0
Cc1ccc(S(N)(=O)=O)cc1,11,171.2209930419922,Cc1ccc(S(N)(=O)=O)cc1,0
O=C(O)C1c2ccccc2-c2ccccc21,16,210.23199462890625,O=C(O)C1c2ccccc2-c2ccccc21,0
CS(=O)(=O)N1CCNCC1,10,164.22999572753906,CS(=O)(=O)N1CCNCC1,0
ON=C1c2ccccc2-c2ccccc21,15,195.2209930419922,ON=C1c2ccccc2-c2ccccc21,0
CC(C)(C)S(N)(=O)=O,8,137.20399475097656,CC(C)(C)S(N)(=O)=O,0
CC(C)(C)C(N)=O,7,101.14900207519531,CC(C)(C)C(N)=O,0
CC(C)(C)C(=O)NN,8,116.16400146484375,CC(C)(C)C(=O)NN,0
O=C1OI(Cl)c2ccccc21,11,282.4639892578125,O=C1OI(Cl)c2ccccc21,0
CC(=O)Nc1ccc2c(c1)Cc1ccccc1-2,17,223.27499389648438,CC(=O)Nc1ccc2c(c1)Cc1ccccc1-2,0
c1ccc2c(c1)Cc1cc3c(cc1-2)Cc1ccccc1-3,20,254.33200073242188,c1ccc2c(c1)Cc1cc3c(cc1-2)Cc1ccccc1-3,0
O=C1NCCNC1c1ccccc1,13,176.218994140625,O=C1NCCNC1c1ccccc1,0
O=S(=O)(O)C1=NCCN1,9,150.15899658203125,O=S(=O)(O)C1=NCCN1,0
O=C1CC[C@H](N2C(=O)c3ccccc3C2=O)C(=O)O1,19,259.2170104980469,O=C1CC[C@H](N2C(=O)c3ccccc3C2=O)C(=O)O1,0
O=C1OC(Br)c2ccccc21,11,213.02999877929688,O=C1OC(Br)c2ccccc21,0
CN1CC(=O)OC(=O)C1,9,129.11500549316406,CN1CC(=O)OC(=O)C1,0
CC1(C)OI(Cl)c2ccccc21,12,296.5350036621094,CC1(C)OI(Cl)c2ccccc21,0
O=C1c2ccccc2S(=O)(=O)N1Br,13,262.0840148925781,O=C1c2ccccc2S(=O)(=O)N1Br,0
O=C1CC(=O)CN(Cc2ccccc2)C1,15,203.24099731445312,O=C1CC(=O)CN(Cc2ccccc2)C1,0
c1ccc2c(c1)-c1ccccc1C2CN1CCCCC1,20,263.3840026855469,c1ccc2c(c1)-c1ccccc1C2CN1CCCCC1,0
O=C1c2ccccc2-c2cccc(B(O)O)c21,17,224.0240020751953,O=C1c2ccccc2-c2cccc(B(O)O)c21,0
c1csc(C2=NCCN2)c1,10,152.2220001220703,c1csc(C2=NCCN2)c1,0
O=S(Cl)c1ccccc1,9,160.625,O=S(Cl)c1ccccc1,0
O=C(NCc1ccccc1)N1CCNCC1,16,219.28799438476562,O=C(NCc1ccccc1)N1CCNCC1,0
O=C1NC(=O)C2=C1CCCC2,11,151.1649932861328,O=C1NC(=O)C2=C1CCCC2,0
SC1=NCCS1,6,119.21399688720703,SC1=NCCS1,1
OB(O)CC1CCCCC1,10,142.0070037841797,OB(O)CC1CCCCC1,1
O=C(O)c1cnsc1,8,129.13999938964844,O=C(O)c1cnsc1,1
O=C1CSCC(=O)O1,8,132.13999938964844,O=C1CSCC(=O)O1,1
c1ccc(-c2nnc(-c3ccccn3)nn2)nc1,18,236.23800659179688,c1ccc(-c2nnc(-c3ccccn3)nn2)nc1,1
O=C1COCCN1,7,101.1050033569336,O=C1COCCN1,1
CCB(O)O,5,73.88800048828125,CCB(O)O,1
